netflixid,title,released_year,released_month,runtime,awards_win,awards_nominations,language,country,num_experienced_actors,num_experienced_creators,Action,Adventure,Animation,Biography,Comedy,Crime,Documentary,Drama,Family,Fantasy,Film-Noir,History,Horror,Music,Musical,Mystery,N/A,Reality-TV,Romance,Sci-Fi,Short,Sport,Thriller,War,Western
81312527,Little Big Women,2020,11,123,1,5,"Mandarin, Min Nan",Taiwan,0,0,0,0,0,0,0,0,0,1,0,0,0,0,0,0,0,0,0,0,0,0,0,0,0,0,0
81380262,Tim Maia,2014,10,140,6,14,"Portuguese, English",Brazil,0,0,0,0,0,1,0,0,0,1,0,0,0,0,0,1,0,0,0,0,1,0,0,0,0,0,0
81337241,Doob: No Bed of Roses,2017,11,85,2,3,Bengali,Bangladesh,0,0,0,0,0,0,0,0,0,1,0,0,0,0,0,0,0,0,0,0,0,0,0,0,0,0,0
81382129,Money,2017,6,86,16,26,"English, Spanish","USA, Spain",0,0,0,0,0,0,0,1,0,0,0,0,0,0,0,0,0,1,0,0,0,0,0,0,1,0,0
81382199,Starring Maja,2009,9,91,0,3,Swedish,Ireland Sweden,0,0,0,0,0,0,1,0,0,1,1,0,0,0,0,0,0,0,0,0,0,0,0,0,0,0,0
81382144,Strong As A Lion,2003,2,89,0,1,Swedish,Sweden,0,0,0,1,0,0,0,0,0,1,1,0,0,0,0,0,0,0,0,0,0,0,0,0,0,0,0
81382084,The Great Adventure,1955,5,77,6,1,Swedish,Sweden,0,0,0,0,0,0,0,0,0,1,1,0,0,0,0,0,0,0,0,0,0,0,0,0,0,0,0
81382167,Career,1960,10,105,4,1,English,USA,0,0,0,0,0,0,0,0,0,1,0,0,0,0,0,0,0,0,0,0,0,0,0,0,0,0,0
81382135,Bitter Sweetheart,2007,2,90,1,0,Swedish,Sweden,0,0,0,0,0,0,1,0,0,1,0,0,0,0,0,0,0,0,0,0,0,0,0,0,0,0,0
81382062,Angel,1999,10,44,13,47,English,USA,0,0,1,0,0,0,0,0,0,1,0,1,0,0,0,0,0,0,0,0,0,0,0,0,0,0,0
81410534,Step,2017,8,84,9,20,English,USA,0,0,0,0,0,0,0,0,1,0,0,0,0,0,0,0,0,0,0,0,0,0,0,0,0,0,0
81323780,The Magician,2006,10,122,3,1,"English, Turkish",Turkey,0,0,0,0,0,0,1,0,0,1,0,0,0,0,0,0,0,0,0,0,0,0,0,0,0,0,0
81323776,I Love Cinema,2004,6,125,5,1,Arabic,Egypt,1,0,0,0,0,0,1,0,0,1,0,0,0,0,0,0,0,0,0,0,0,0,0,0,0,0,0
81323777,Breaking News,2004,6,90,5,11,"Cantonese, Mandarin, English",Hong Kong,1,0,1,0,0,0,0,1,0,1,0,0,0,0,0,0,0,0,0,0,0,0,0,0,0,0,0
60011163,The Great Race,1965,12,160,3,14,English,USA,0,0,1,1,0,0,1,0,0,0,1,0,0,0,0,0,0,0,0,0,1,0,0,1,0,0,1
81239274,Superman: Red Son,2020,2,84,0,1,English,USA,0,0,1,0,1,0,0,0,0,0,0,0,0,0,0,0,0,0,0,0,0,1,0,0,0,0,0
81304206,My Blind Date with Life,2017,1,111,0,3,German,Germany,0,0,0,0,0,1,1,0,0,1,0,0,0,0,0,0,0,0,0,0,0,0,0,0,0,0,0
70051473,I&#39;ll Always Know What You Did Last Summer,1999,5,136,29,66,English,USA,1,0,1,1,0,0,0,0,0,0,0,1,0,0,0,0,0,0,0,0,0,1,0,0,0,0,0
81001406,The House That Jack Built,2018,10,152,11,20,"English, German, Italian","Denmark, France, Sweden, Germany, Belgium, Tunisia",0,0,0,0,0,0,0,1,0,1,0,0,0,0,1,0,0,0,0,0,0,0,0,0,1,0,0
81198527,Trolls World Tour,2020,4,90,0,4,English,USA,1,0,0,1,1,0,1,0,0,0,1,1,0,0,0,0,1,0,0,0,0,0,0,0,0,0,0
81329267,Alone,2008,11,113,6,7,Turkish,Turkey,0,0,0,0,0,0,0,0,0,1,0,0,0,0,0,0,0,0,0,0,1,0,0,0,0,0,0
81327394,Yolki 1914,2014,12,106,0,1,Russian,Russia,0,0,0,0,0,0,1,0,0,0,0,0,0,0,0,0,0,0,0,0,0,0,0,0,0,0,0
80217006,Sonic the Hedgehog,2020,2,99,2,5,English French,USA Japan Canada,0,0,1,1,0,0,1,0,0,0,1,0,0,0,0,0,0,0,0,0,0,1,0,0,0,0,0
81402893,Samjin Company English Class,2020,10,110,1,5,Korean English,South Korea,0,0,0,0,0,0,1,0,0,1,0,0,0,0,0,0,0,0,0,0,0,0,0,0,0,0,0
81327392,Game of Truth,2013,7,90,1,2,Russian,Russia,0,0,0,0,0,0,1,0,0,1,0,0,0,0,0,0,0,0,0,0,0,0,0,0,0,0,0
81183403,Squadron 303,2018,8,104,0,1,Polish English,Poland UK,1,0,0,0,0,0,0,0,0,1,0,0,0,0,0,0,0,0,0,0,0,0,0,0,0,1,0
81087735,The Hunt,2013,1,115,38,67,"Danish, English, Polish","Denmark, Sweden",0,0,0,0,0,0,0,0,0,1,0,0,0,0,0,0,0,0,0,0,0,0,0,0,0,0,0
81128859,I Still Believe,2020,3,116,0,1,English,USA,0,0,0,0,0,1,0,0,0,1,0,0,0,0,0,1,0,0,0,0,1,0,0,0,0,0,0
81386166,Dragon,2011,7,98,14,21,Mandarin,"Hong Kong, China",0,0,1,0,0,0,0,1,0,1,0,0,0,0,0,0,0,0,0,0,0,0,0,0,1,0,0
81019277,Dinner With Friends,2001,8,94,3,4,English,USA,1,0,0,0,0,0,1,0,0,1,0,0,0,0,0,0,0,0,0,0,1,0,0,0,0,0,0
81393298,Affliction,1999,2,114,8,19,English,USA Canada Japan,0,0,0,0,0,0,0,0,0,1,0,0,0,0,0,0,0,1,0,0,0,0,0,0,1,0,0
70117340,The Battery,2013,6,101,9,2,English,USA,0,0,0,1,0,0,0,0,0,1,0,0,0,0,1,0,0,0,0,0,0,0,0,0,0,0,0
81059876,Radium Girls,2020,12,102,1,1,English,USA,0,0,0,0,0,0,0,0,0,1,0,0,0,1,0,0,0,0,0,0,0,0,0,0,0,0,0
81367998,Song Without a Name,2020,1,97,17,14,"Quechua, Spanish","Peru, Spain, USA, Chile",0,0,0,0,0,0,0,0,0,1,0,0,0,0,0,0,0,0,0,0,0,0,0,0,0,0,0
81333314,The Vanished,2020,8,95,1,0,English,USA,0,0,1,0,0,0,0,0,0,0,0,0,0,0,0,0,0,1,0,0,0,0,0,0,1,0,0
814862,Nowhere to Run,1993,1,94,0,1,English,USA,0,0,1,0,0,0,0,0,0,1,0,0,0,0,0,0,0,0,0,0,1,0,0,0,1,0,0
81405360,Non sono un assassino,2019,4,110,0,2,Italian,Italy,1,0,0,0,0,0,0,1,0,0,0,0,0,0,0,0,0,0,0,0,0,0,0,0,1,0,0
81396518,On Happiness Road,2018,1,110,5,3,Min Nan Mandarin English,Taiwan,0,0,0,1,1,0,0,0,0,1,1,1,0,0,0,0,0,0,0,0,0,0,0,0,0,0,0
81343002,Marlina the Murderer in Four Acts,2017,11,93,17,24,Indonesian,Indonesia France Malaysia Thailand,0,0,0,0,0,0,0,0,0,1,0,0,0,0,0,0,0,0,0,0,0,0,0,0,1,0,1
81335322,Mars,2016,11,60,0,5,English,USA,0,0,0,1,0,0,0,0,0,1,0,0,0,0,0,0,0,0,0,0,0,1,0,0,0,0,0
81278474,Sputnik,2020,7,113,1,7,"Russian, Latin",Russia,0,0,0,0,0,0,0,0,0,1,0,0,0,0,1,0,0,0,0,0,0,1,0,0,1,0,0
81258548,The Bravest,2019,8,118,4,13,Mandarin,China,0,0,1,0,0,0,0,0,0,1,1,0,0,0,0,0,0,0,0,0,0,0,0,0,0,0,0
81405350,Dolceroma,2019,4,105,0,1,Italian,Italy,0,0,0,0,0,0,1,1,0,0,0,0,0,0,0,0,0,0,0,0,0,0,0,0,0,0,0
70142465,Beneath Clouds,2002,5,90,8,12,English,Australia,0,0,0,0,0,0,0,0,0,1,0,0,0,0,0,0,0,0,0,0,1,0,0,0,0,0,0
81287597,You Cannot Kill David Arquette,2020,8,91,1,2,English,USA,0,0,0,0,0,0,0,0,1,0,0,0,0,0,0,0,0,0,0,0,0,0,0,1,0,0,0
81298406,Infamous,2006,10,110,3,2,English,USA,0,0,0,0,0,1,0,1,0,1,0,0,0,0,0,0,0,0,0,0,0,0,0,0,0,0,0
81128745,Pieces of a Woman,2021,1,126,2,3,English,"Canada, Hungary, USA",0,0,0,0,0,0,0,0,0,1,0,0,0,0,0,0,0,0,0,0,0,0,0,0,0,0,0
80202511,Summerland,2004,6,60,2,8,English,USA,1,0,0,0,0,0,0,0,0,1,0,0,0,0,0,0,0,0,0,0,0,0,0,0,0,0,0
81323786,Girls&#39; Secrets,2012,4,28,19,107,English,USA,0,0,0,0,0,0,1,0,0,1,0,0,0,0,0,0,0,0,0,0,0,0,0,0,0,0,0
81336369,Meet Me in Venice,2015,7,93,2,0,English,Netherlands,0,0,0,0,0,0,0,0,0,1,1,0,0,0,0,1,0,0,0,0,1,0,0,0,0,0,0
360576,The Chamber,1996,10,113,0,2,English,USA,0,0,0,0,0,0,0,1,0,1,0,0,0,0,0,0,0,0,0,0,0,0,0,0,1,0,0
81117674,Midnight Family,2020,3,81,23,26,Spanish,Mexico,0,0,1,0,0,0,0,1,1,1,0,0,0,0,0,0,0,0,0,0,0,0,0,0,0,0,0
81252276,School-Live!,2015,7,25,0,1,"Japanese, English",Japan,2,0,0,0,1,0,0,0,0,1,0,0,0,0,1,0,0,1,0,0,0,0,0,0,0,0,0
81311765,The Great White Tower,1966,10,150,9,1,Japanese,Japan,0,0,0,0,0,0,0,0,0,1,0,0,0,0,0,0,0,0,0,0,0,0,0,0,0,0,0
81184485,Waves,2019,11,135,14,38,English,USA Canada,0,0,0,0,0,0,0,0,0,1,0,0,0,0,0,0,0,0,0,0,1,0,0,1,0,0,0
80234490,Racetime!,2019,11,89,1,4,English,Canada,0,0,0,1,1,0,0,0,0,0,0,0,0,0,0,0,1,0,0,0,0,0,0,0,0,0,0
81351561,Vaterfreuden,2014,2,110,1,1,German,Germany,0,0,0,0,0,0,1,0,0,0,0,0,0,0,0,0,0,0,0,0,1,0,0,0,0,0,0
80238650,Captive State,2019,3,109,0,2,English,USA,1,0,1,0,0,0,0,0,0,0,0,0,0,0,1,0,0,0,0,0,0,1,0,0,1,0,0
60011111,The Elephant Man,1980,10,124,18,14,English French,USA UK,0,0,0,0,0,1,0,0,0,1,0,0,0,0,0,0,0,0,0,0,0,0,0,0,0,0,0
81304265,The Things of Life,1970,3,89,1,2,French,"Switzerland, France, Italy",0,0,0,0,0,0,0,0,0,1,0,0,0,0,0,0,0,0,0,0,1,0,0,0,0,0,0
60026444,Cesar and Rosalie,1972,10,104,1,0,French,France Italy West Germany,0,0,0,0,0,0,0,0,0,1,0,0,0,0,0,0,0,0,0,0,1,0,0,0,0,0,0
80203250,Teen Spirit,2019,4,93,0,3,English Polish,UK,0,0,0,0,0,0,0,0,0,1,0,0,0,0,0,1,0,0,0,0,0,0,0,0,0,0,0
8178044,Blues Brothers 2000,1998,2,123,0,4,"English, Russian",USA,0,0,1,0,0,0,1,1,0,0,0,0,0,0,0,1,1,0,0,0,0,0,0,0,0,0,0
80989548,Elcano &amp; Magellan: The First Voyage around the World,2019,7,90,0,2,Basque English Spanish,Spain,0,0,0,1,1,0,0,0,0,0,0,0,0,0,0,0,0,0,0,0,1,0,0,0,0,0,0
81252115,Spree,2020,8,93,0,4,English,USA,1,0,0,0,0,0,1,0,0,0,0,0,0,0,0,0,0,0,0,0,0,0,0,0,1,0,0
81186217,Savage,2010,9,88,1,6,English,Ireland,0,0,0,0,0,0,0,1,0,1,0,0,0,0,0,0,0,0,0,0,0,0,0,0,1,0,0
81074556,Saint Frances,2020,2,101,10,15,English,USA,0,0,0,0,0,0,1,0,0,1,0,0,0,0,0,0,0,0,0,0,0,0,0,0,0,0,0
81000353,Proxima,2020,11,107,4,6,"French, English, Russian, German","France, Germany",0,0,1,0,0,0,0,0,0,1,0,0,0,0,0,0,0,0,0,0,0,0,0,0,0,0,0
80197390,HOPE GAP,2020,5,100,0,1,English,UK,0,0,0,0,0,0,0,0,0,1,0,0,0,0,0,0,0,0,0,0,1,0,0,0,0,0,0
60032601,Gangaajal,2003,8,157,5,27,Hindi,India,1,0,1,0,0,0,0,1,0,1,0,0,0,0,0,0,0,0,0,0,0,0,0,0,0,0,0
81360623,Bobby Jasoos,2014,7,121,0,1,"Urdu, Hindi",India,0,0,0,0,0,0,1,0,0,1,0,0,0,0,0,0,0,0,0,0,0,0,0,0,1,0,0
70045196,BluffMaster!,2005,12,137,0,3,Hindi,India,4,0,0,0,0,0,1,1,0,1,0,0,0,0,0,0,0,0,0,0,1,0,0,0,1,0,0
70050385,Apaharan,2005,12,173,5,4,Hindi,India,1,0,1,0,0,0,0,1,0,1,0,0,0,0,0,0,0,0,0,0,0,0,0,0,0,0,0
81188311,The Blue Light,1934,5,85,1,1,German Italian,Germany,0,0,0,0,0,0,0,0,0,1,0,1,0,0,0,0,0,1,0,0,0,0,0,0,0,0,0
81382682,The Merger,2018,8,103,0,6,"English, Arabic",Australia,0,0,0,0,0,0,1,0,0,1,0,0,0,0,0,0,0,0,0,0,0,0,0,1,0,0,0
80158666,Teenage Kicks,2016,6,98,1,3,English,Australia,0,0,0,0,0,0,0,0,0,1,0,0,0,0,0,0,0,0,0,0,0,0,0,0,0,0,0
80990376,Under the Silver Lake,2019,4,139,2,8,English,USA,0,0,0,0,0,0,0,1,0,1,0,0,0,0,0,0,0,1,0,0,0,0,0,0,1,0,0
81348929,Eclipse,1995,10,95,1,2,English,Canada Germany,0,0,0,0,0,0,0,0,0,1,0,0,0,0,0,0,0,0,0,0,1,0,0,0,0,0,0
81354555,Cops and Robbers,1951,12,105,3,1,"Italian, English, French",Italy,0,0,0,0,0,0,1,0,0,1,0,0,0,0,0,0,0,0,0,0,0,0,0,0,0,0,0
18168617,A Moment of Romance,1990,6,87,1,3,Cantonese,Hong Kong,2,0,1,0,0,0,0,1,0,0,0,0,0,0,0,0,0,0,0,0,1,0,0,0,0,0,0
81392159,Rent-a-Cat,2012,5,110,0,1,Japanese,Japan,0,0,0,0,0,0,1,0,0,1,0,0,0,0,0,0,0,0,0,0,0,0,0,0,0,0,0
80240396,Lizzie,2018,9,105,0,1,English,USA,0,0,0,0,0,1,0,1,0,1,0,0,0,0,0,0,0,1,0,0,0,0,0,0,1,0,0
80135267,Confession of Pain,2006,12,110,5,15,Mandarin Cantonese English,Hong Kong,0,0,0,0,0,0,0,1,0,1,0,0,0,0,0,0,0,0,0,0,0,0,0,0,1,0,0
81396514,Butterfly,2000,8,96,6,19,"Spanish, Gallegan, Latin",Spain,0,0,0,0,0,0,0,0,0,1,0,0,0,0,0,0,0,0,0,0,0,0,0,0,0,0,0
81032217,High Life,2019,4,113,5,13,English,France UK Germany Poland USA,2,0,0,1,0,0,0,0,0,1,0,0,0,0,1,0,0,1,0,0,0,1,0,0,1,0,0
81396510,Family Affair,1966,9,30,2,9,English,USA,0,0,0,0,0,0,1,0,0,0,1,0,0,0,0,0,0,0,0,0,0,0,0,0,0,0,0
81323980,Like a Boss,2020,1,83,1,3,English Spanish French Russian,USA,1,0,0,0,0,0,1,0,0,0,0,0,0,0,0,0,0,0,0,0,0,0,0,0,0,0,0
81118158,The Last Full Measure,2020,1,116,0,1,English,USA,2,0,0,0,0,0,0,0,0,1,0,0,0,0,0,0,0,0,0,0,0,0,0,0,0,1,0
80207506,Just Mercy,2020,1,137,10,11,English,USA,1,0,0,0,0,1,0,1,0,1,0,0,0,0,0,0,0,0,0,0,0,0,0,0,0,0,0
81340229,Last Letter,2018,11,114,1,12,Mandarin,China,0,0,0,0,0,0,0,0,0,1,0,0,0,0,0,0,0,0,0,0,1,0,0,0,0,0,0
81338296,Love Song,2000,12,90,0,1,English,"USA, Canada",0,0,0,0,0,0,0,0,0,1,0,0,0,0,0,0,0,0,0,0,1,0,0,0,0,0,0
81052262,The Last Tree,2019,9,98,3,9,English,UK,0,0,0,0,0,0,0,0,0,1,0,0,0,0,0,0,0,0,0,0,0,0,0,0,0,0,0
80999717,Judy &amp; Punch,2019,10,118,23,58,English,"UK, France, USA",0,0,0,0,0,1,0,0,0,1,0,0,0,0,0,0,0,0,0,0,1,0,0,0,0,0,0
81262192,DNA,1997,3,105,1,0,English,"USA, Philippines",0,0,1,1,0,0,0,0,0,0,0,0,0,0,1,0,0,0,0,0,0,1,0,0,1,0,0
81318855,Rogue,2007,11,99,1,4,English,Australia,0,0,1,1,0,0,0,0,0,1,0,0,0,0,1,0,0,0,0,0,0,0,0,0,1,0,0
80994666,We Can Be Heroes,2005,7,30,3,5,English,Australia,0,0,0,0,0,0,1,0,0,0,0,0,0,0,0,0,0,0,0,0,0,0,0,0,0,0,0
81210431,Grandma&#39;s Last Wishes,2015,9,79,6,12,English,USA,2,0,0,0,0,0,1,0,0,1,0,0,0,0,0,0,0,0,0,0,0,0,0,0,0,0,0
81287844,Your Name Engraved Herein,2020,12,118,2,5,"Mandarin, English, Min Nan",Taiwan,0,0,0,0,0,0,0,0,0,0,0,0,0,0,0,0,0,0,0,0,1,0,0,0,0,0,0
81334897,"Hello, Love, Goodbye",2019,8,118,0,7,"Chinese, Tagalog, Filipino",Philippines,0,0,0,0,0,0,0,0,0,1,0,0,0,0,0,0,0,0,0,0,1,0,0,0,0,0,0
81023593,Hotel by the River,2019,2,96,7,10,Korean,South Korea,0,0,0,0,0,0,0,0,0,1,0,0,0,0,0,0,0,0,0,0,0,0,0,0,0,0,0
80203870,Vivarium,2020,3,97,3,4,English,"Ireland, Belgium, Denmark, Canada",0,0,0,0,0,0,1,0,0,0,0,0,0,0,1,0,0,1,0,0,0,1,0,0,0,0,0
81173335,Babyteeth,2020,6,118,27,16,English,Australia,0,0,0,0,0,0,1,0,0,1,0,0,0,0,0,1,0,0,0,0,1,0,0,0,0,0,0
81183718,The Invisible Man,2020,2,124,5,12,English,"Canada, Australia, USA",1,0,0,0,0,0,0,0,0,1,0,0,0,0,1,0,0,1,0,0,0,1,0,0,1,0,0
70100560,Mukhsin,2007,3,95,5,5,"Malay, English, Mandarin",Malaysia,0,0,0,0,0,0,1,0,0,1,1,0,0,0,0,0,0,0,0,0,0,0,0,0,0,0,0
81354213,Talentime,2009,3,120,5,1,"Malay, Tamil, English",Malaysia,0,0,0,0,0,0,0,0,0,1,0,0,0,0,0,0,0,0,0,0,0,0,0,0,0,0,0
81336593,Farewell Amor,2020,12,95,6,3,English,USA,0,0,0,0,0,0,0,0,0,1,0,0,0,0,0,1,0,0,0,0,1,0,0,0,0,0,0
81232319,The Final,2013,2,93,0,1,English,USA,0,0,0,0,0,0,0,0,0,1,0,0,0,0,1,0,0,0,0,0,0,0,0,0,1,0,0
81019033,Grizzlies,2020,7,102,7,9,"Inuktitut, English",Canada,0,0,0,0,0,1,0,0,0,1,0,0,0,0,0,0,0,0,0,0,0,0,0,0,0,0,0
81354724,BoyTown,2006,10,88,0,1,English,Australia,1,0,0,0,0,0,1,0,0,0,0,0,0,0,0,1,0,0,0,0,0,0,0,0,0,0,0
81263928,The House Where the Mermaid Sleeps,2018,11,120,0,1,Japanese,Japan,1,0,0,0,0,0,0,0,0,1,0,0,0,0,0,0,0,0,0,0,0,0,0,0,0,0,0
70261051,Bwakaw,2012,9,110,16,34,"Filipino, Tagalog, English","Philippines, Canada, UK, USA",0,0,0,0,0,0,0,0,0,1,0,0,0,0,0,0,0,0,0,0,0,0,0,0,0,0,0
81351688,Pound for Pound,2017,6,97,1,5,Danish,Denmark,0,0,0,0,0,1,0,0,0,1,0,0,0,0,0,0,0,0,0,0,0,0,0,0,0,0,0
81387794,My Giraffe,2017,10,74,3,2,Dutch,"Netherlands, Belgium, Germany",0,0,0,0,0,0,0,0,0,0,1,0,0,0,0,0,0,0,0,0,0,0,0,0,0,0,0
81387796,No Such Thing as Housewives,2017,12,103,1,1,Dutch,Netherlands,0,0,0,0,0,0,1,0,0,0,0,0,0,0,0,0,0,0,0,0,0,0,0,0,0,0,0
81387795,Hartenstrijd,2016,10,90,1,0,Dutch,Netherlands,0,0,0,0,0,0,1,0,0,0,0,0,0,0,0,0,0,0,0,0,1,0,0,0,0,0,0
81354726,Crackerjack,2002,11,92,4,5,English,Australia,0,0,0,0,0,0,1,0,0,0,0,0,0,0,0,0,0,0,0,0,0,0,0,0,0,0,0
81161597,One Love,2005,7,100,1,0,English,"Jamaica, Norway, UK",0,0,0,0,0,0,0,0,0,1,0,0,0,0,0,1,0,0,0,0,1,0,0,0,0,0,0
81251956,You&#39;re My Home,2018,9,45,1,4,English,USA,1,0,0,0,0,0,0,1,0,1,0,0,0,0,0,0,0,0,0,0,1,0,0,0,1,0,0
81251951,Entrusted,2003,7,130,1,2,English,"UK, France",0,0,0,0,0,0,0,0,0,1,0,0,0,0,0,0,0,0,0,0,0,0,0,0,1,0,0
81341182,The Violin Player,2016,12,72,1,7,Hindi,India,0,0,0,0,0,0,0,0,0,1,0,0,0,0,0,0,0,0,0,0,0,0,0,0,0,0,0
81351677,Gilbert&#39;s Grim Revenge,2017,4,94,1,1,English,USA,0,0,0,0,0,1,1,0,1,0,0,0,0,0,0,0,0,0,0,0,0,0,0,0,0,0,0
81351671,All Inclusive,2017,11,93,0,2,Swedish,Sweden,0,0,0,0,0,0,1,0,0,1,0,0,0,0,0,0,0,0,0,0,0,0,0,0,0,0,0
80208955,I Can Only Imagine,2018,3,110,6,4,English,USA,0,0,0,0,0,1,0,0,0,1,1,0,0,0,0,1,0,0,0,0,0,0,0,0,0,0,0
81337242,Heroes,2006,9,45,32,97,"English, Japanese, Spanish",USA,0,0,0,0,0,0,0,0,0,1,0,1,0,0,0,0,0,0,0,0,0,1,0,0,1,0,0
81324866,Me &amp; You vs The World,2002,12,141,18,44,"English, French","USA, Canada",0,0,0,0,0,1,0,1,0,1,0,0,0,0,0,0,0,0,0,0,0,0,0,0,0,0,0
81278719,Legiony,2019,9,140,0,2,Polish,Poland,0,0,0,0,0,0,0,0,0,1,0,0,0,1,0,0,0,0,0,0,1,0,0,0,0,1,0
81264235,The Way Back,2011,1,133,5,4,"Tibetan, Mongolian, English, Russian, Polish","USA, United Arab Emirates, Poland, India",1,0,0,1,0,0,0,0,0,1,0,0,0,1,0,0,0,0,0,0,0,0,0,0,0,0,0
81303788,L&#39;amico di famiglia,2012,2,87,0,8,Greek,Greece,2,0,0,0,0,0,1,0,0,1,0,0,0,0,0,0,0,0,0,0,0,0,0,0,0,0,0
81002915,From Zero to Ten,2002,2,99,1,5,Italian,Italy,0,0,0,0,0,0,1,0,0,1,0,0,0,0,0,1,0,0,0,0,0,0,0,0,0,0,0
81332733,Canvas,2008,12,101,9,1,English,USA,0,0,0,0,0,0,0,0,0,1,0,0,0,0,0,0,0,0,0,0,0,0,0,0,0,0,0
70295737,"It&#39;s Me, It&#39;s Me",2017,9,135,8,45,English,"Canada, USA",2,0,0,0,0,0,0,0,0,0,0,0,0,0,1,0,0,0,0,0,0,0,0,0,0,0,0
81342639,Andr&Atilde;&copy; &amp; his olive tree,1994,12,137,0,2,"Swedish, English",Sweden,0,0,0,0,0,0,1,0,0,1,0,0,0,0,0,0,0,0,0,0,0,0,0,0,0,0,0
81324406,Only the Animals,2019,12,117,2,6,French,"France, Germany",0,0,0,0,0,0,0,1,0,1,0,0,0,0,0,0,0,0,0,0,0,0,0,0,1,0,0
81001203,Stage Mother,2020,8,93,4,0,English,Canada,0,0,0,0,0,0,1,0,0,1,0,0,0,0,0,1,0,0,0,0,0,0,0,0,0,0,0
81347798,Isolados,2014,9,86,0,2,Portuguese,Brazil,0,0,0,0,0,0,0,0,0,0,0,0,0,0,1,0,0,1,0,0,0,0,0,0,1,0,0
70143433,In Therapy,2009,4,90,10,12,Portuguese,Brazil,0,0,0,0,0,0,1,0,0,1,0,0,0,0,0,0,0,0,0,0,1,0,0,0,0,0,0
81292897,The Forest of Wool and Steel,2018,6,134,1,0,Japanese,Japan,0,0,0,0,0,0,0,0,0,1,0,0,0,0,0,1,0,0,0,0,0,0,0,0,0,0,0
81188315,Tenchi: The Samurai Astronomer,2012,9,141,1,5,Japanese,Japan,1,0,0,0,0,1,0,0,0,1,0,0,0,0,0,0,0,0,0,0,0,0,0,0,0,0,0
81188313,The Fallen Angel,2010,2,134,1,0,Japanese,Japan,0,0,0,0,0,0,0,0,0,1,0,0,0,0,0,0,0,0,0,0,0,0,0,0,0,0,0
81076067,The Whistlers,2019,9,97,11,15,"Romanian, English, Spanish","Romania, France, Germany",0,0,0,0,0,0,1,1,0,0,0,0,0,0,0,0,0,0,0,0,0,0,0,0,0,0,0
81334890,Must Be... Love,2013,3,100,0,1,"Filipino, Tagalog",Philippines,0,0,0,0,0,0,1,0,0,0,0,0,0,0,0,0,0,0,0,0,1,0,0,0,0,0,0
80224107,RELIC,2020,7,89,2,7,English,"Australia, USA",0,0,0,0,0,0,0,0,0,1,0,0,0,0,1,0,0,1,0,0,0,0,0,0,1,0,0
81172431,The Truth,2020,7,106,1,2,"French, English","France, Japan, Switzerland",2,0,0,0,0,0,0,0,0,1,1,0,0,0,0,0,0,0,0,0,0,0,0,0,0,0,0
81130112,Being Frank,2019,6,109,3,5,English,USA,1,0,0,0,0,0,1,0,0,0,0,0,0,0,0,0,0,0,0,0,0,0,0,0,0,0,0
81151926,Angela&#39;s Christmas Wish,1995,1,99,4,1,English,USA,0,0,0,0,0,0,0,0,0,1,0,0,0,0,0,0,0,0,0,0,0,0,0,0,0,0,0
81039484,The Sunlit Night,2020,7,106,0,1,"English, Norwegian","Germany, Norway",1,0,0,0,0,0,0,0,0,1,0,0,0,0,0,0,0,0,0,0,1,0,0,0,0,0,0
81343391,Gokusen: The Movie,2009,7,118,1,0,Japanese,Japan,0,0,0,0,0,0,1,0,0,1,0,0,0,0,0,0,0,0,0,0,0,0,0,0,0,0,0
70128706,Godzilla &amp; Mothra: Battle for Earth,2014,5,123,7,31,"English, Japanese","USA, Japan",2,0,1,1,0,0,0,0,0,0,0,0,0,0,0,0,0,0,0,0,0,1,0,0,1,0,0
60035960,Godzilla,2014,5,123,7,31,"English, Japanese","USA, Japan",2,0,1,1,0,0,0,0,0,0,0,0,0,0,0,0,0,0,0,0,0,1,0,0,1,0,0
81343392,The Brain Man,2013,2,123,1,0,Japanese,Japan,0,0,0,0,0,0,0,1,0,0,0,0,0,0,0,0,0,1,0,0,0,0,0,0,0,0,0
81343393,Bandage,2010,1,119,2,0,Japanese,Japan,0,0,0,0,0,0,0,0,0,1,0,0,0,0,0,1,0,0,0,0,1,0,0,0,0,0,0
80089007,7 Letters,2015,7,116,0,1,"English, Malay, Hokkien, Mandarin, Malayalam",Singapore,0,0,0,0,0,0,0,0,0,1,0,0,0,0,0,0,0,0,0,0,0,0,0,0,0,0,0
81009845,Rust Creek,2018,5,108,9,0,English,USA,2,0,0,0,0,0,0,1,0,1,0,0,0,0,0,0,0,0,0,0,0,0,0,0,1,0,0
81318121,The Dare,2020,3,97,1,0,English,"Bulgaria, USA, UK",0,0,0,0,0,0,0,0,0,0,0,0,0,0,1,0,0,1,0,0,0,0,0,0,1,0,0
81323770,Heliopolis,2009,12,96,2,5,"Arabic, French",Egypt,0,0,0,0,0,0,0,0,0,1,0,0,0,0,0,0,0,0,0,0,0,0,0,0,0,0,0
81023621,Capri-Revolution,2018,12,122,11,25,"Italian, Neapolitan, English, French, German, Russian","Italy, France",0,0,0,0,0,0,0,0,0,1,0,0,0,1,0,0,0,0,0,0,0,0,0,0,0,0,0
81130681,Bob &amp; Marys - Criminali a domicilio,1992,9,30,0,2,English,USA,0,0,0,0,0,0,1,0,0,0,0,0,0,0,0,0,0,0,0,0,0,0,0,0,0,0,0
81324868,The Robbers,2009,10,93,2,1,Chinese,China,0,0,1,0,0,0,0,0,0,0,0,0,0,0,0,0,0,0,0,0,0,0,0,0,0,0,0
81307068,A Gift,2016,12,144,0,3,Thai,Thailand,0,0,0,0,0,0,1,0,0,1,0,0,0,0,0,0,0,0,0,0,1,0,0,0,0,0,0
81348913,Orlean,2015,9,106,4,9,Russian,Russia,0,0,0,0,0,0,1,0,0,1,0,0,0,0,0,0,0,0,0,0,0,0,0,0,1,0,0
81287246,One More Chance,2007,11,115,5,17,"Filipino, Tagalog",Philippines,0,0,0,0,0,0,0,0,0,1,0,0,0,0,0,0,0,0,0,0,1,0,0,0,0,0,0
81214783,Sunny: Our Hearts Beat Together,2018,8,118,0,1,Japanese,Japan,0,0,0,0,0,0,1,0,0,1,0,0,0,0,0,0,1,0,0,0,0,0,0,0,0,0,0
81319133,When Will You Get Married?,2015,2,115,0,4,Indonesian,Indonesia,1,0,0,0,0,0,1,0,0,0,0,0,0,0,0,0,0,0,0,0,1,0,0,0,0,0,0
81343406,You Are My Sunshine,2005,9,121,5,8,Korean,South Korea,0,0,0,0,0,0,0,0,0,1,0,0,0,0,0,0,0,0,0,0,1,0,0,0,0,0,0
81295070,Hello World,2019,9,97,0,2,Japanese,Japan,1,0,0,0,1,0,1,0,0,1,1,0,0,0,0,0,0,0,0,0,1,1,0,0,0,0,0
81243416,Farewell Song,2019,5,116,0,1,Japanese,Japan,0,0,0,0,0,0,0,0,0,1,0,0,0,0,0,1,0,0,0,0,1,0,0,0,0,0,0
81338784,Every Day A Good Day,2018,10,100,4,5,Japanese,Japan,0,0,0,0,0,0,0,0,0,1,0,0,0,0,0,0,0,0,0,0,0,0,0,0,0,0,0
81330859,Cafe Funiculi Funicula,2018,9,117,1,0,Japanese,Japan,2,0,0,1,0,0,0,0,0,1,0,1,0,0,0,0,0,0,0,0,1,1,0,0,0,0,0
70261108,Satellite Boy,2013,1,90,6,11,English,Australia,0,0,0,1,0,0,0,0,0,1,1,0,0,0,0,0,0,0,0,0,0,0,0,0,0,0,0
70189500,Toomelah,2011,5,106,3,4,English,Australia,0,0,0,0,0,0,0,1,0,1,0,0,0,0,0,0,0,0,0,0,0,0,0,0,0,0,0
80208094,Tesla,2020,8,102,1,0,English,USA,2,0,0,0,0,1,0,0,0,1,0,0,0,0,0,0,0,0,0,0,0,0,0,0,0,0,0
80238854,The Informer,2019,8,113,0,1,"English, Polish, Spanish","UK, USA, Canada",1,0,0,0,0,0,0,1,0,1,0,0,0,0,0,0,0,0,0,0,0,0,0,0,1,0,0
81318118,Go Fish,1994,7,83,4,4,English,USA,0,0,0,0,0,0,1,0,0,1,0,0,0,0,0,0,0,0,0,0,1,0,0,0,0,0,0
81144190,Zombillenium,2017,10,78,0,7,French,"France, Belgium",0,0,0,0,1,0,1,0,0,0,1,1,0,0,1,0,0,0,0,0,0,0,0,0,0,0,0
81304160,L&#39;incorrigible,2012,2,87,0,8,Greek,Greece,2,0,0,0,0,0,1,0,0,1,0,0,0,0,0,0,0,0,0,0,0,0,0,0,0,0,0
81304142,Cop or Hood,1979,3,107,1,1,French,France,1,0,1,0,0,0,1,1,0,1,0,0,0,0,0,0,0,0,0,0,0,0,0,0,1,0,0
60028489,Cartouche,1964,7,114,0,1,French,"France, Italy",1,0,1,1,0,0,1,0,0,1,0,0,0,0,0,0,0,0,0,0,0,0,0,0,0,0,0
70005163,Best of the Best,1989,11,97,0,1,English,USA,0,0,1,0,0,0,0,0,0,1,0,0,0,0,0,0,0,0,0,0,0,0,0,1,0,0,0
81245826,1991,2018,7,141,7,15,"French, Italian, English, German, Greek, Spanish",Canada,0,0,0,0,0,0,1,0,0,0,0,0,0,0,0,0,0,0,0,0,0,0,0,0,0,0,0
81211846,Richard Jewell,2019,12,131,7,13,English,USA,1,0,0,0,0,1,0,1,0,1,0,0,0,0,0,0,0,0,0,0,0,0,0,0,0,0,0
81330849,The Wings of the Kirin,2012,1,129,0,1,Japanese,Japan,2,0,0,0,0,0,0,1,0,1,0,0,0,0,0,0,0,0,0,0,0,0,0,0,1,0,0
81330847,The Floating Castle,2012,11,144,1,14,Japanese,Japan,2,0,0,0,0,0,1,0,0,1,0,0,0,1,0,0,0,0,0,0,0,0,0,0,0,0,0
70038314,Dragon Head,2003,8,122,2,2,Japanese,Japan,1,0,0,0,0,0,0,0,0,1,0,0,0,0,0,0,0,1,0,0,0,1,0,0,1,0,0
81251887,Dare to Stop Us,2018,10,119,3,4,Japanese,Japan,0,0,0,0,0,0,0,0,0,1,0,0,0,0,0,0,0,0,0,0,0,0,0,0,0,0,0
81165134,Birds of Prey (And the Fantabulous Emancipation of One Harley Quinn),2020,2,109,2,5,"English, Chinese",USA,1,0,1,1,0,0,0,1,0,0,0,0,0,0,0,0,0,0,0,0,0,0,0,0,0,0,0
81330835,April Bride,2009,5,129,2,0,Japanese,Japan,1,0,0,0,0,0,0,0,0,1,0,0,0,0,0,0,0,0,0,0,0,0,0,0,0,0,0
81001338,Arizona,2018,8,85,0,1,English,USA,1,0,0,0,0,0,1,0,0,0,0,0,0,0,0,0,0,0,0,0,0,0,0,0,1,0,0
81330857,The 8-Year Engagement,2017,12,119,0,7,Japanese,Japan,1,0,0,0,0,0,0,0,0,1,0,0,0,0,0,0,0,0,0,0,1,0,0,0,0,0,0
81041495,Mosul,2019,4,86,0,2,"English, Arabic",USA,0,0,0,0,0,0,0,0,1,0,0,0,0,0,0,0,0,0,0,0,0,0,0,0,0,0,0
81334889,Unexpectedly Yours,2017,12,120,0,9,"Filipino, Tagalog",Philippines,0,0,0,0,0,0,1,0,0,0,0,0,0,0,0,0,0,0,0,0,1,0,0,0,0,0,0
81334887,Fantastica,2018,12,115,0,4,"Filipino, Tagalog",Philippines,0,0,0,0,0,0,1,0,0,0,0,1,0,0,0,0,0,0,0,0,0,0,0,0,0,0,0
81342505,The Call,2013,3,94,1,11,English,USA,0,0,0,0,0,0,0,1,0,1,0,0,0,0,1,0,0,0,0,0,0,0,0,0,1,0,0
70117206,Operation Valkyrie,2004,2,131,1,5,German,"Germany, Austria, Italy",0,0,0,0,0,1,0,0,0,1,0,0,0,1,0,0,0,0,0,0,0,0,0,0,0,1,0
81254935,The Suit,2003,4,92,4,6,Russian,"Russia, Germany, France, Italy, Ukraine",1,0,0,0,0,0,1,0,0,1,0,0,0,0,0,0,0,0,0,0,0,0,0,0,0,0,0
80168085,Whose Streets?,2017,8,102,2,18,English,USA,0,0,0,0,0,0,0,0,1,0,0,0,0,0,0,0,0,0,0,0,0,0,0,0,0,0,0
81044418,Rocketman,2019,5,121,21,65,English,"UK, USA, Canada",0,0,0,0,0,1,0,0,0,1,0,0,0,0,0,1,1,0,0,0,0,0,0,0,0,0,0
80203186,Crawl,2019,7,87,0,4,English,"USA, Serbia, Canada",0,0,1,0,0,0,0,0,0,0,0,0,0,0,1,0,0,0,0,0,0,0,0,0,1,0,0
81334871,My Amnesia Girl,2010,11,110,0,3,"Filipino, Tagalog, English",Philippines,0,0,0,0,0,0,1,0,0,0,0,0,0,0,0,0,0,0,0,0,0,0,0,0,0,0,0
81348935,Soul Conductor,2018,11,89,1,1,Russian,Russia,0,0,0,0,0,0,0,0,0,1,0,1,0,0,1,0,0,0,0,0,0,0,0,0,1,0,0
81293402,"A Genius, Two Partners and a Dupe",1975,12,126,1,0,Italian,"Italy, France, West Germany",0,0,0,0,0,0,1,0,0,0,0,0,0,0,0,0,0,0,0,0,0,0,0,0,0,0,1
81316276,Romy,2009,11,106,3,7,"German, French, English","Germany, France",0,0,0,0,0,1,0,0,0,1,0,0,0,0,0,0,0,0,0,0,0,0,0,0,0,0,0
81323769,A Guy &amp; A Girl,2003,2,116,1,8,English,"USA, Germany",0,0,0,0,0,0,1,0,0,0,0,0,0,0,0,0,0,0,0,0,1,0,0,0,0,0,0
81324342,Memories of a Teenager,2019,11,97,1,1,Spanish,Argentina,0,0,0,0,0,0,0,0,0,1,0,0,0,0,0,0,0,0,0,0,0,0,0,0,0,0,0
81380329,Scandal in Sorrento,1955,12,92,3,0,Italian,"Italy, France",0,0,0,0,0,0,1,0,0,0,0,0,0,0,0,0,0,0,0,0,1,0,0,0,0,0,0
81341143,First Love,2020,2,108,0,6,Japanese,"Japan, UK",0,0,1,0,0,0,1,1,0,0,0,0,0,0,0,0,0,0,0,0,1,0,0,0,0,0,0
70111993,A Very Special Love,2008,7,106,0,19,"Filipino, Tagalog, English",Philippines,0,0,0,0,0,0,1,0,0,0,0,0,0,0,0,0,0,0,0,0,1,0,0,0,0,0,0
80171025,Axolotl Overkill,2017,6,94,2,5,"German, English, Spanish, French",Germany,0,0,0,0,0,0,0,0,0,1,0,0,0,0,0,0,0,0,0,0,0,0,0,0,0,0,0
81348923,Territory,2015,4,157,1,1,Russian,Russia,0,0,0,1,0,0,0,0,0,1,0,0,0,0,0,0,0,0,0,0,0,0,0,0,0,0,0
81310261,Girl&#39;s Revenge,2014,10,149,65,184,English,USA,3,0,0,0,0,0,0,0,0,1,0,0,0,0,0,0,0,1,0,0,0,0,0,0,1,0,0
81071590,Who You Think I Am,2019,2,101,1,0,French,"France, Belgium",2,0,0,0,0,0,0,0,0,1,0,0,0,0,0,0,0,0,0,0,1,0,0,0,0,0,0
81335287,Jan Palach,2018,8,124,3,8,Czech,Czech Republic,0,0,0,0,0,1,0,0,0,0,0,0,0,0,0,0,0,0,0,0,0,0,0,0,0,0,0
81334883,One More Try,2012,12,100,10,35,"Filipino, Tagalog",Philippines,0,0,0,0,0,0,0,0,0,1,0,0,0,0,0,0,0,0,0,0,0,0,0,0,0,0,0
81348926,The Yard,2018,3,120,3,8,Turkish,Turkey,0,0,0,0,0,0,0,1,0,1,0,0,0,0,0,0,0,0,0,0,0,0,0,0,0,0,0
81323766,Feelings,2003,11,94,1,5,French,France,0,0,0,0,0,0,0,0,0,1,0,0,0,0,0,0,0,0,0,0,1,0,0,0,0,0,0
81292901,MOTHER,2009,5,129,40,46,Korean,South Korea,0,0,0,0,0,0,0,1,0,1,0,0,0,0,0,0,0,0,0,0,0,0,0,0,1,0,0
80206909,"Yes, God, Yes",2020,7,78,2,1,English,USA,0,0,0,0,0,0,1,0,0,1,0,0,0,0,0,0,0,0,0,0,0,0,0,0,0,0,0
81041593,I Am Woman,2020,9,116,1,11,English,Australia,0,0,0,0,0,1,0,0,0,1,0,0,0,0,0,1,0,0,0,0,1,0,0,0,0,0,0
60025029,Amandla! A Revolution in Four Part Harmony,2003,11,108,11,7,"English, Zulu","South Africa, USA",0,0,0,0,0,0,0,0,1,0,0,0,0,1,0,1,0,0,0,0,0,0,0,0,0,0,0
81279761,Sleeper,1973,12,89,2,2,"English, Yiddish",USA,0,0,0,0,0,0,1,0,0,0,0,0,0,0,0,0,0,0,0,0,0,1,0,0,0,0,0
80185872,The Mountain Between Us,2017,10,112,2,1,English,USA,0,0,1,1,0,0,0,0,0,1,0,0,0,0,0,0,0,0,0,0,1,0,0,0,1,0,0
81324784,Homeland,2011,10,55,60,175,English,USA,1,0,0,0,0,0,0,1,0,1,0,0,0,0,0,0,0,1,0,0,0,0,0,0,1,0,0
81240445,I&#39;m Not Ready for Christmas,1999,5,136,29,66,English,USA,1,0,1,1,0,0,0,0,0,0,0,1,0,0,0,0,0,0,0,0,0,1,0,0,0,0,0
81324779,Habermann,2011,8,104,5,7,"German, Czech, Latin","Germany, Czech Republic, Austria",1,0,0,0,0,0,0,0,0,1,0,0,0,0,0,0,0,0,0,0,1,0,0,0,0,1,0
81240442,Christmas Under Wraps,2014,11,88,0,1,English,USA,0,0,0,0,0,0,0,0,0,1,0,0,0,0,0,0,0,0,0,0,1,0,0,0,0,0,0
81140931,1917,2020,1,119,114,166,"English, French, German","USA, UK, India, Spain, Canada, China",1,0,0,0,0,0,0,0,0,1,0,0,0,0,0,0,0,0,0,0,0,0,0,0,0,1,0
81334872,Pagpag: Nine Lives,2013,12,105,4,26,"Filipino, Tagalog",Philippines,0,0,0,0,0,0,0,0,0,0,0,0,0,0,1,0,0,0,0,0,0,0,0,0,0,0,0
81339358,Gipsy Queen,2019,12,117,4,12,"German, Romany","Germany, Austria",0,0,0,0,0,0,0,0,0,1,0,0,0,0,0,0,0,0,0,0,0,0,0,1,0,0,0
81348906,I&#39;m losing it,1999,5,136,29,66,English,USA,1,0,1,1,0,0,0,0,0,0,0,1,0,0,0,0,0,0,0,0,0,1,0,0,0,0,0
81024952,Bear with Us,2017,8,94,15,14,English,USA,0,0,0,0,0,0,1,0,0,0,0,0,0,0,0,0,0,0,0,0,0,0,0,0,0,0,0
81002196,Rebecca,1940,4,130,7,10,"English, French",USA,0,0,0,0,0,0,0,0,0,1,0,0,0,0,0,0,0,1,0,0,1,0,0,0,1,0,0
81334870,The Hows of Us,2018,9,117,3,16,"Filipino, Tagalog, English",Philippines,0,0,0,0,0,0,0,0,0,1,0,0,0,0,0,0,0,0,0,0,1,0,0,0,0,0,0
81334877,Exes Baggage,2018,10,104,0,4,"Filipino, Tagalog",Philippines,0,0,0,0,0,0,0,0,0,1,0,0,0,0,0,0,0,0,0,0,1,0,0,0,0,0,0
81348911,The Envelope,2017,11,76,0,1,Russian,Russia,0,0,0,0,0,0,0,0,0,0,0,0,0,0,1,0,0,0,0,0,0,0,0,0,1,0,0
81330784,Disappearance at Clifton Hill,2020,2,100,1,9,English,Canada,0,0,0,0,0,0,0,0,0,1,0,0,0,0,0,0,0,1,0,0,0,0,0,0,1,0,0
81344068,Out of Life,1991,5,97,1,2,"French, Arabic, English","France, Belgium, Italy",0,0,0,0,0,0,0,1,0,1,0,0,0,0,0,0,0,0,0,0,0,0,0,0,0,1,0
81003929,Taxi Ballad,2012,3,93,0,1,"Arabic, English","Lebanon, USA, United Arab Emirates",0,0,0,0,0,0,0,0,0,1,0,0,0,0,0,0,0,0,0,0,0,0,0,0,0,0,0
70115141,The Kite,2004,2,80,4,3,Arabic,"Lebanon, France",0,0,0,0,0,0,0,0,0,1,0,0,0,0,0,0,0,0,0,0,0,0,0,0,0,0,0
60000513,West Beirut,1998,10,105,8,2,"Arabic, French","France, Norway, Lebanon, Belgium",0,0,0,0,0,0,1,0,0,1,0,0,0,0,0,0,0,0,0,0,1,0,0,0,0,1,0
81344071,Whispers,2017,3,90,0,3,English,UK,0,0,0,0,0,0,0,0,0,1,0,0,0,0,1,0,0,0,0,0,0,0,0,0,1,0,0
81252530,Zozo,2005,9,105,6,3,"Arabic, Swedish","Sweden, Czech Republic, UK, Denmark, Netherlands",0,0,0,0,0,0,0,0,0,1,1,0,0,0,0,0,0,0,0,0,0,0,0,0,0,1,0
80019593,Ghadi,2013,10,100,3,3,Arabic,Lebanon,0,0,0,0,0,0,1,0,0,1,1,0,0,0,0,0,0,0,0,0,0,0,0,0,0,0,0
81335107,Babylon,2014,2,50,0,1,English,UK,0,0,0,0,0,0,1,1,0,1,0,0,0,0,0,0,0,0,0,0,0,0,0,0,0,0,0
81329184,Saving Sally,2016,12,94,7,7,"English, Filipino",Philippines,0,0,0,0,1,0,0,0,0,1,0,1,0,0,0,0,0,0,0,0,0,0,0,0,0,0,0
81193946,Those Who Remained,2019,9,83,1,5,Hungarian,Hungary,0,0,0,0,0,0,0,0,0,1,0,0,0,0,0,0,0,0,0,0,0,0,0,0,0,0,0
81196768,Alice Junior,2020,9,87,10,9,"Portuguese, French",Brazil,0,0,0,0,0,0,1,0,0,0,0,0,0,0,0,0,0,0,0,0,0,0,0,0,0,0,0
81271190,Palermo Hollywood,2004,10,113,0,1,Spanish,Argentina,0,0,0,0,0,0,0,0,0,1,0,0,0,0,0,0,0,0,0,0,0,0,0,0,0,0,0
81289487,The Watermill Princess 2,2000,2,110,1,0,Czech,Czech Republic,0,0,0,0,0,0,1,0,0,0,1,1,0,0,0,0,0,0,0,0,0,0,0,0,0,0,0
81289485,Rebels,2019,3,87,0,1,French,France,0,0,0,0,0,0,1,1,0,0,0,0,0,0,0,0,0,0,0,0,0,0,0,0,0,0,0
81177473,The Rest Of Us,2020,2,80,0,3,"English, French",Canada,0,0,0,0,0,0,0,0,0,1,0,0,0,0,0,0,0,0,0,0,0,0,0,0,0,0,0
80223104,Judy,2019,10,118,23,58,English,"UK, France, USA",0,0,0,0,0,1,0,0,0,1,0,0,0,0,0,0,0,0,0,0,1,0,0,0,0,0,0
81050943,You&#39;ve Got This,2018,9,45,1,4,English,USA,1,0,0,0,0,0,0,1,0,1,0,0,0,0,0,0,0,0,0,0,1,0,0,0,1,0,0
81021804,A Madea Family Funeral,2019,3,109,0,7,English,USA,1,0,0,0,0,0,1,0,0,0,0,0,0,0,0,0,0,0,0,0,0,0,0,0,0,0,0
81094639,L&#39;Empereur de Paris,2012,2,87,0,8,Greek,Greece,2,0,0,0,0,0,1,0,0,1,0,0,0,0,0,0,0,0,0,0,0,0,0,0,0,0,0
81330783,Tucked,2019,5,80,7,5,English,UK,0,0,0,0,0,0,0,0,0,1,0,0,0,0,0,0,0,0,0,0,0,0,0,0,0,0,0
81043647,I&#39;m Leaving Now,1999,5,136,29,66,English,USA,1,0,1,1,0,0,0,0,0,0,0,1,0,0,0,0,0,0,0,0,0,1,0,0,0,0,0
81307207,L&#39;un dans l&#39;autre,2012,2,87,0,8,Greek,Greece,2,0,0,0,0,0,1,0,0,1,0,0,0,0,0,0,0,0,0,0,0,0,0,0,0,0,0
81319495,On the Quiet,2019,11,80,0,1,Hungarian,Hungary,0,0,0,0,0,0,0,0,0,1,0,0,0,0,0,0,0,0,0,0,0,0,0,0,0,0,0
81319491,One Day,2011,8,107,1,2,English,"USA, UK",1,0,0,0,0,0,0,0,0,1,0,0,0,0,0,0,0,0,0,0,1,0,0,0,0,0,0
81304899,High &amp; Low The Worst,2016,8,102,52,165,English,USA,12,0,1,0,0,0,0,1,0,1,0,0,0,0,0,0,0,0,0,0,0,0,0,0,1,0,1
81304897,High &amp; Low The Movie 3 / Final Mission,2016,8,102,52,165,English,USA,12,0,1,0,0,0,0,1,0,1,0,0,0,0,0,0,0,0,0,0,0,0,0,0,1,0,1
81304896,High &amp; Low The Movie 2 / End of Sky,2016,8,102,52,165,English,USA,12,0,1,0,0,0,0,1,0,1,0,0,0,0,0,0,0,0,0,0,0,0,0,0,1,0,1
81304895,High &amp; Low The Red Rain,2016,8,102,52,165,English,USA,12,0,1,0,0,0,0,1,0,1,0,0,0,0,0,0,0,0,0,0,0,0,0,0,1,0,1
81304894,High &amp; Low The Movie,2016,8,102,52,165,English,USA,12,0,1,0,0,0,0,1,0,1,0,0,0,0,0,0,0,0,0,0,0,0,0,0,1,0,1
81152623,Saving Flora,2019,4,95,2,7,English,USA,1,0,0,1,0,0,0,0,0,1,1,0,0,0,0,0,0,0,0,0,0,0,0,0,0,0,0
80242376,A Violent Life,2017,8,107,1,1,French,France,0,0,0,0,0,0,0,0,0,1,0,0,0,0,0,0,0,0,0,0,0,0,0,0,1,0,0
81277567,Yuma,2012,8,113,0,2,"Polish, German","Poland, Czech Republic",0,0,1,0,0,0,0,1,0,1,0,0,0,0,0,0,0,0,0,0,0,0,0,0,0,0,0
81306415,The Donkey King,2018,10,85,1,0,Urdu,Pakistan,0,0,0,0,1,0,1,0,0,0,1,0,0,0,0,0,0,0,0,0,0,0,0,0,0,0,0
81135068,The Lighthouse,2019,11,109,30,117,English,"Canada, USA",2,0,0,0,0,0,0,0,0,1,0,1,0,0,1,0,0,1,0,0,0,0,0,0,0,0,0
81167273,Don&#39;t Let Go,2006,10,171,1,10,Hindi,India,17,1,1,0,0,0,0,1,0,0,0,0,0,0,0,0,0,0,0,0,0,0,0,0,1,0,0
70126976,Who&#39;s Afraid of the Wolf,1999,6,95,19,30,"English, German",USA,0,0,1,1,0,0,1,1,0,0,0,0,0,0,0,0,0,0,0,0,0,0,0,0,0,0,0
81254224,The Social Dilemma,2020,9,94,2,1,English,USA,0,0,0,0,0,0,0,0,1,1,0,0,0,0,0,0,0,0,0,0,0,0,0,0,0,0,0
81288430,Viktoria: A Tale of Grace and Greed,2014,10,88,1,2,"German, Hungarian","Switzerland, Hungary",0,0,0,0,0,0,0,0,0,1,0,0,0,0,0,0,0,0,0,0,0,0,0,0,0,0,0
81288444,Question in Details,2010,2,81,3,0,Hungarian,Hungary,0,0,0,0,0,0,0,0,0,1,0,0,0,0,0,0,0,0,0,0,1,0,0,0,0,0,0
80241065,Night Comes On,2018,8,86,9,6,English,USA,0,0,0,0,0,0,0,0,0,1,0,0,0,0,0,0,0,0,0,0,0,0,0,0,0,0,0
81310406,My Magic,2008,9,75,2,1,"Tamil, Hokkien, English",Singapore,0,0,0,0,0,0,0,0,0,1,0,0,0,0,0,0,0,0,0,0,0,0,0,0,0,0,0
81310401,Mee Pok Man,1996,11,105,1,1,"Hokkien, English, Cantonese",Singapore,0,0,0,0,0,0,0,1,0,1,0,0,0,0,0,0,0,0,0,0,1,0,0,0,0,0,0
81281019,Munafik,2016,2,98,4,1,Malay,Malaysia,0,0,0,0,0,0,0,0,0,0,0,0,0,0,1,0,0,0,0,0,0,0,0,0,0,0,0
81305452,Railroad Man,1999,6,112,22,7,Japanese,Japan,0,0,0,0,0,0,0,0,0,1,0,0,0,0,0,0,0,0,0,0,0,0,0,0,0,0,0
81308432,The Truth About Jane and Sam,1999,9,100,0,2,"English, Mandarin, Cantonese","Hong Kong, Singapore",0,0,0,0,0,0,1,0,0,1,0,0,0,0,0,0,0,0,0,0,1,0,0,0,0,0,0
81262375,What&#39;s the Big Deal,2000,12,127,6,8,English,USA,1,0,0,0,0,0,1,0,0,0,0,1,0,0,0,0,0,0,0,0,1,0,0,0,0,0,0
81121682,A Beautiful Day in the Neighborhood,2019,11,109,7,57,English,"China, USA",0,0,0,0,0,1,0,0,0,1,0,0,0,0,0,0,0,0,0,0,0,0,0,0,0,0,0
81312869,Anastasia,1997,11,94,12,21,"English, Russian, French",USA,0,0,0,1,1,0,0,0,0,1,1,1,0,0,0,0,1,1,0,0,1,0,0,0,0,0,0
80211559,I&#39;m Thinking of Ending Things,1999,5,136,29,66,English,USA,1,0,1,1,0,0,0,0,0,0,0,1,0,0,0,0,0,0,0,0,0,1,0,0,0,0,0
81221938,Parasite,2019,11,132,275,258,"Korean, English",South Korea,0,0,0,0,0,0,1,0,0,1,0,0,0,0,0,0,0,0,0,0,0,0,0,0,1,0,0
81289403,Who&#39;s Next?,1999,6,95,19,30,"English, German",USA,0,0,1,1,0,0,1,1,0,0,0,0,0,0,0,0,0,0,0,0,0,0,0,0,0,0,0
81295018,Don&#39;t Be Afraid,2006,10,171,1,10,Hindi,India,17,1,1,0,0,0,0,1,0,0,0,0,0,0,0,0,0,0,0,0,0,0,0,0,1,0,0
70081036,Obaba,2005,9,100,3,18,"Spanish, German","Germany, Spain, France, Belgium",0,0,0,0,0,0,0,0,0,1,0,0,0,0,0,0,0,0,0,0,0,0,0,0,0,0,0
81320070,Ave Maryam,2019,4,85,0,7,Indonesian,Indonesia,1,0,0,0,0,0,0,0,0,1,0,0,0,0,0,0,0,0,0,0,1,0,0,0,0,0,0
81224632,The Bridge Curse,2020,8,88,0,1,Chinese,Taiwan,0,0,0,0,0,0,0,0,0,0,0,0,0,0,1,0,0,1,0,0,0,0,0,0,1,0,0
81252991,John Was Trying to Contact Aliens,2020,8,16,1,1,English,USA,0,0,0,0,0,1,0,0,1,0,0,0,0,0,0,0,0,0,0,0,1,1,1,0,0,0,0
81171201,Bloodshot,2020,3,109,0,2,"English, Persian",USA,1,0,1,0,0,0,0,0,0,1,0,0,0,0,0,0,0,0,0,0,0,1,0,0,0,0,0
81277559,Neighbors,2014,5,97,6,11,English,USA,0,0,0,0,0,0,1,0,0,0,0,0,0,0,0,0,0,0,0,0,0,0,0,0,0,0,0
81203755,Vice,2018,12,132,34,132,"English, Arabic",USA,1,0,0,0,0,1,1,0,0,1,0,0,0,0,0,0,0,0,0,0,0,0,0,0,0,0,0
80081123,Home Care,2015,7,92,6,14,"Slovak, Czech","Czech Republic, Slovakia",1,0,0,0,0,0,1,0,0,1,0,0,0,0,0,0,0,0,0,0,0,0,0,0,0,0,0
81198116,Tazza: One Eyed Jack,2019,9,139,0,1,Korean,South Korea,0,0,0,0,0,0,0,1,0,1,0,0,0,0,0,0,0,0,0,0,0,0,0,0,0,0,0
81266754,Baba Parasi,2020,1,116,0,4,"Turkish, German, Greek, French, English",Turkey,0,0,0,0,0,0,1,0,0,0,0,0,0,0,0,0,0,0,0,0,0,0,0,0,0,0,0
81092221,Joker,2019,10,122,102,218,English,"USA, Canada",1,0,0,0,0,0,0,1,0,1,0,0,0,0,0,0,0,0,0,0,0,0,0,0,1,0,0
80233020,Doctor Sleep,2019,11,152,7,26,English,"UK, USA",1,0,0,0,0,0,0,0,0,1,0,1,0,0,1,0,0,0,0,0,0,0,0,0,1,0,0
81270772,Sin City,2005,4,124,34,52,English,USA,1,0,0,0,0,0,0,1,0,0,0,0,0,0,0,0,0,0,0,0,0,0,0,0,1,0,0
81232369,Almost Love,2020,8,94,7,1,English,USA,0,0,0,0,0,0,1,0,0,1,0,0,0,0,0,0,0,0,0,0,1,0,0,0,0,0,0
81251420,Grave,1989,7,89,3,0,Japanese,Japan,0,1,0,0,1,0,0,0,0,1,0,0,0,0,0,0,0,0,0,0,0,0,0,0,0,1,0
81105952,Money,2017,6,86,16,26,"English, Spanish","USA, Spain",0,0,0,0,0,0,0,1,0,0,0,0,0,0,0,0,0,1,0,0,0,0,0,0,1,0,0
81301838,The Battle: Roar to Victory,2019,8,135,1,8,"Korean, Japanese","South Korea, USA",0,0,1,0,0,0,0,0,0,1,0,0,0,1,0,0,0,0,0,0,0,0,0,0,0,1,0
81037684,Knives Out,2019,11,130,46,93,"English, Spanish, Hindi",USA,1,0,0,0,0,0,1,1,0,1,0,0,0,0,0,0,0,1,0,0,0,0,0,0,1,0,0
81287250,I Not Stupid,2002,2,105,0,2,"English, Mandarin, Hokkien",Singapore,2,0,0,0,0,0,1,0,0,1,0,0,0,0,0,0,0,0,0,0,0,0,0,0,0,0,0
81287249,Homerun,2003,8,108,3,1,Mandarin,Singapore,0,0,0,0,0,0,0,0,0,1,1,0,0,0,0,0,0,0,0,0,0,0,0,0,0,0,0
81287244,I Not Stupid Too,2006,1,124,0,1,"English, Hokkien, Mandarin",Singapore,1,0,0,0,0,0,1,0,0,1,1,0,0,0,0,0,0,0,0,0,0,0,0,0,0,0,0
81287245,Singapore Dreaming,2006,9,105,3,0,"Mandarin, Hokkien, English, Cantonese",Singapore,1,0,0,0,0,0,0,0,0,1,0,0,0,0,0,0,0,0,0,0,0,0,0,0,0,0,0
81310412,881,2007,8,115,0,1,"Mandarin, Hokkien, English, Cantonese",Singapore,0,0,0,0,0,0,1,0,0,1,0,0,0,0,0,0,1,0,0,0,0,0,0,0,0,0,0
81310404,12 Storeys,1997,6,100,2,2,"English, Mandarin, Tagalog, Hokkien, Cantonese, Malay",Singapore,1,0,0,0,0,0,1,0,0,1,0,0,0,0,0,0,0,0,0,0,0,0,0,0,0,0,0
81160820,The Learning Tree,1970,3,107,2,0,English,USA,0,0,0,0,0,0,0,0,0,1,0,0,0,0,0,0,0,0,0,0,0,0,0,0,0,0,0
80219131,The Grudge,2004,10,91,2,10,"English, Japanese","USA, Japan",1,0,0,0,0,0,0,0,0,0,0,0,0,0,1,0,0,1,0,0,0,0,0,0,1,0,0
81152992,Bad Boys for Life,2020,1,124,0,6,"English, Spanish","USA, Mexico",0,0,1,0,0,0,1,1,0,0,0,0,0,0,0,0,0,0,0,0,0,0,0,0,1,0,0
283184,Barb Wire,1996,5,98,1,7,"English, French, German",USA,1,0,1,0,0,0,0,0,0,0,0,0,0,0,0,0,0,0,0,0,0,1,0,0,0,0,0
80225829,The Corrupted,2020,1,103,0,3,English,UK,0,0,0,0,0,0,0,1,0,1,0,0,0,0,0,0,0,0,0,0,0,0,0,0,1,0,0
81258660,The Journalist,2019,6,113,4,7,"Japanese, English",Japan,1,0,0,0,0,0,0,0,0,1,0,0,0,0,0,0,0,0,0,0,0,0,0,0,0,0,0
81273240,The Call,2013,3,94,1,11,English,USA,0,0,0,0,0,0,0,1,0,1,0,0,0,0,1,0,0,0,0,0,0,0,0,0,1,0,0
81282331,Surfer&#39;s Time,2007,6,92,2,14,"English, Japanese, Chinese, Arabic","USA, Germany, UK",0,0,1,1,0,0,0,0,0,0,0,1,0,0,0,0,0,0,0,0,0,1,0,0,0,0,0
81116046,Stars,2014,6,126,21,14,English,USA,2,0,0,0,0,0,0,0,0,1,0,0,0,0,0,0,0,0,0,0,1,0,0,0,0,0,0
81270775,It&#39;s Her Day,2017,9,135,8,45,English,"Canada, USA",2,0,0,0,0,0,0,0,0,0,0,0,0,0,1,0,0,0,0,0,0,0,0,0,0,0,0
81208146,Hell on the Border,2019,12,106,2,0,English,USA,1,0,0,1,0,1,0,0,0,0,0,0,0,0,0,0,0,0,0,0,0,0,0,0,0,0,1
81276055,Damsel,2018,6,113,0,3,English,USA,1,0,0,0,0,0,1,0,0,1,0,0,0,0,0,0,0,0,0,0,0,0,0,0,0,0,1
81037595,Funan,2019,6,84,3,2,French,"France, Belgium, Luxembourg, Cambodia, Reunion",0,0,0,0,1,0,0,0,0,0,0,0,0,0,0,0,0,0,0,0,0,0,0,0,0,1,0
81291641,Reborn,2019,9,77,14,24,English,USA,0,0,0,0,0,0,0,0,0,0,0,0,0,0,1,0,0,0,0,0,0,0,0,0,0,0,0
81306405,Iron Bridge,2019,11,85,0,3,Polish,Poland,0,0,0,0,0,0,0,0,0,1,0,0,0,0,0,0,0,0,0,0,0,0,0,0,0,0,0
81002464,Father Soldier Son,2020,7,99,1,1,English,USA,0,0,0,0,0,0,0,0,1,0,0,0,0,0,0,0,0,0,0,0,0,0,0,0,0,1,0
81086533,Downton Abbey,2011,1,58,57,223,English,UK,0,0,0,0,0,0,0,0,0,1,0,0,0,0,0,0,0,0,0,0,1,0,0,0,0,0,0
81037744,A Dog&#39;s Journey,1987,5,101,17,3,Swedish,Sweden,0,0,0,0,0,0,1,0,0,1,0,0,0,0,0,0,0,0,0,0,0,0,0,0,0,0,0
81038312,The Blood of Wolves,2018,5,126,12,13,Japanese,Japan,1,0,0,0,0,0,0,1,0,1,0,0,0,0,0,0,0,0,0,0,0,0,0,0,0,0,0
81277546,Photon,2017,10,107,2,1,Polish,Poland,0,0,0,0,0,0,0,0,0,1,0,0,0,0,0,0,0,1,0,0,0,0,0,0,0,0,0
80235102,The Truth About Love Is...,2017,3,92,0,1,Italian,Italy,0,0,0,0,0,0,1,0,0,0,0,0,0,0,0,0,0,0,0,0,1,0,0,0,0,0,0
80211281,Samui Song,2018,2,108,0,7,"Thai, English","Thailand, Germany, Norway",0,0,0,0,0,0,0,0,0,1,0,0,0,0,0,0,0,0,0,0,0,0,0,0,1,0,0
81232076,You &amp; Me XXX,2018,9,45,1,4,English,USA,1,0,0,0,0,0,0,1,0,1,0,0,0,0,0,0,0,0,0,0,1,0,0,0,1,0,0
81238559,First Love,2020,2,108,0,6,Japanese,"Japan, UK",0,0,1,0,0,0,1,1,0,0,0,0,0,0,0,0,0,0,0,0,1,0,0,0,0,0,0
81228152,Die Tomorrow,2017,9,75,1,8,"Thai, English",Thailand,0,0,0,0,0,0,0,0,0,1,0,0,0,0,0,0,0,0,0,0,0,0,0,0,0,0,0
81238573,4 Kings,2015,11,98,2,5,German,Germany,0,0,0,0,0,0,0,0,0,1,0,0,0,0,0,0,0,0,0,0,0,0,0,0,0,0,0
80115109,The Stopover,2016,9,102,1,2,"French, Greek","France, Greece",0,0,0,0,0,0,0,0,0,1,0,0,0,0,0,0,0,0,0,0,0,0,0,0,0,0,0
81140933,Little Women,2019,12,135,72,187,"English, French",USA,2,0,0,0,0,0,0,0,0,1,0,0,0,0,0,0,0,0,0,0,1,0,0,0,0,0,0
81254938,Mama&#39;s Boy,2013,1,100,11,19,English,"Canada, Spain",0,1,0,0,0,0,0,0,0,0,0,0,0,0,1,0,0,0,0,0,0,0,0,0,1,0,0
81289298,The Lake,1999,1,91,0,1,Swedish,Sweden,2,0,0,0,0,0,0,0,0,0,0,0,0,0,0,0,0,1,0,0,0,0,0,0,1,0,0
81161855,The Informer,2019,8,113,0,1,"English, Polish, Spanish","UK, USA, Canada",1,0,0,0,0,0,0,1,0,1,0,0,0,0,0,0,0,0,0,0,0,0,0,0,1,0,0
80243709,Think Like a Dog,2020,7,91,1,0,English,"China, USA, UK",1,0,0,0,0,0,1,0,0,1,1,0,0,0,0,0,0,0,0,0,0,1,0,0,0,0,0
81290759,Sagan,2008,6,180,2,4,French,France,0,0,0,0,0,1,0,0,0,0,0,0,0,0,0,0,0,0,0,0,0,0,0,0,0,0,0
81262161,My Father,2007,9,107,2,0,"Korean, English",South Korea,0,0,0,0,0,0,0,0,0,1,0,0,0,0,0,0,0,0,0,0,0,0,0,0,0,0,0
81251947,Sisters in Law,2006,8,104,5,3,English,"Cameroon, UK",0,0,0,0,0,0,0,0,1,0,0,0,0,0,0,0,0,0,0,0,0,0,0,0,0,0,0
70138804,Rio,2011,4,96,4,30,"English, Portuguese","USA, Brazil",2,0,0,1,1,0,1,1,0,0,1,0,0,0,0,0,1,0,0,0,0,0,0,0,0,0,0
81277540,The Man with the Magic Box,2017,10,103,2,5,Polish,"Italy, Poland",0,0,0,0,0,0,0,0,0,1,0,0,0,0,0,0,0,0,0,0,1,1,0,0,0,0,0
80177736,Chavela,2017,10,93,6,5,"English, Spanish","Mexico, Spain, USA",0,0,0,0,0,1,0,0,1,0,0,0,0,1,0,1,0,0,0,0,0,0,0,0,0,0,0
81287888,Unseen Enemy,2017,4,97,0,4,"English, Portuguese","USA, Brazil, Cambodia, China, Congo, Germany, Liberia, Sierra Leone, Singapore, Switzerland, Thailand, UK",0,0,0,0,0,0,0,0,1,0,0,0,0,0,0,0,0,0,0,0,0,0,0,0,0,0,0
81283758,"My Sister, My Love",1966,2,97,2,1,Swedish,Sweden,1,0,0,0,0,0,0,0,0,1,0,0,0,1,0,0,0,0,0,0,1,0,0,0,0,0,0
81000062,Merci patron!,2016,2,84,1,1,French,"France, Belgium",0,0,0,0,0,0,0,0,1,0,0,0,0,0,0,0,0,0,0,0,0,0,0,0,0,0,0
81275346,Red,2010,10,111,5,18,"English, Russian",USA,1,0,1,0,0,0,1,1,0,0,0,0,0,0,0,0,0,0,0,0,0,0,0,0,1,0,0
81032959,Human Capital,2014,1,111,48,30,"Italian, English","Italy, France",0,0,0,0,0,0,0,1,0,1,0,0,0,0,0,0,0,0,0,0,0,0,0,0,0,0,0
81092371,Goldie,2020,2,88,0,3,English,USA,0,0,0,0,0,0,0,0,0,1,0,0,0,0,0,0,0,0,0,0,0,0,0,0,0,0,0
81161789,Jumanji: The Next Level,2019,12,123,1,5,English,USA,3,0,1,1,0,0,1,0,0,0,0,1,0,0,0,0,0,0,0,0,0,0,0,0,0,0,0
81083788,Yesterday,2019,6,116,1,15,"English, Portuguese, Japanese","UK, China, Japan, USA",0,0,0,0,0,0,1,0,0,0,0,1,0,0,0,1,0,0,0,0,1,0,0,0,0,0,0
81252544,Return of the Prodigal Son,1967,3,103,1,0,Czech,Czechoslovakia,0,0,0,0,0,0,0,0,0,1,0,0,0,0,0,0,0,0,0,0,0,0,0,0,0,0,0
81252526,Stray Bullet,2010,11,75,0,2,Arabic,Lebanon,0,0,0,0,0,0,0,0,0,1,0,0,0,0,0,0,0,0,0,0,0,0,0,0,0,0,0
81281872,A Whisker Away,2020,6,104,0,1,Japanese,Japan,1,0,0,1,1,0,0,0,0,0,1,1,0,0,0,0,0,0,0,0,1,0,0,0,0,0,0
70000117,The Emigrant,1994,9,129,3,0,Arabic,"Egypt, France",0,0,0,0,0,0,0,0,0,1,0,0,0,0,0,0,0,0,0,0,0,0,0,0,0,0,0
60001801,Alexandria ... Why?,1980,2,133,2,2,"Arabic, English","Egypt, Algeria",0,0,0,0,0,0,0,0,0,1,0,0,0,0,0,0,0,0,0,0,0,0,0,0,0,0,0
81187226,Serialized,2016,11,90,1,1,English,Canada,0,0,0,0,0,0,0,0,0,1,0,0,0,0,0,0,0,1,0,0,0,0,0,0,1,0,0
81270776,Last Flight to Abuja,2012,6,81,2,1,English,"Nigeria, UK",0,0,1,0,0,0,0,0,0,1,0,0,0,0,0,0,0,0,0,0,0,0,0,0,1,0,0
81083799,Ma,2019,5,99,1,5,English,"USA, Japan",0,0,0,0,0,0,0,0,0,0,0,0,0,0,1,0,0,1,0,0,0,0,0,0,1,0,0
81073022,Fast &amp; Furious Presents: Hobbs &amp; Shaw,2013,5,130,10,22,"English, Spanish, Russian, Japanese, Cantonese, Dutch","USA, Japan, Spain, UK",2,0,1,1,0,0,0,0,0,0,0,0,0,0,0,0,0,0,0,0,0,0,0,0,1,0,0
81273619,Don&#39;t Crack Under Pressure III,2006,10,171,1,10,Hindi,India,17,1,1,0,0,0,0,1,0,0,0,0,0,0,0,0,0,0,0,0,0,0,0,0,1,0,0
81273614,Don&#39;t Crack Under Pressure II,2006,10,171,1,10,Hindi,India,17,1,1,0,0,0,0,1,0,0,0,0,0,0,0,0,0,0,0,0,0,0,0,0,1,0,0
81273604,Don&#39;t Crack Under Pressure,2006,10,171,1,10,Hindi,India,17,1,1,0,0,0,0,1,0,0,0,0,0,0,0,0,0,0,0,0,0,0,0,0,1,0,0
81144457,Axone,2020,6,96,0,1,Hindi,India,0,0,0,0,0,0,1,0,0,1,0,0,0,0,0,0,0,0,0,0,0,0,0,0,0,0,0
81223153,Mixed Doubles,2017,10,120,0,3,Japanese,Japan,2,0,0,0,0,0,1,0,0,1,0,0,0,0,0,0,0,0,0,0,1,0,0,1,0,0,0
81223157,Teiichi: Battle of Supreme High,2017,4,118,1,0,Japanese,Japan,2,0,0,0,0,0,0,0,0,1,0,0,0,0,0,0,0,0,0,0,0,0,0,0,0,0,0
80226637,Wet Woman in the Wind,2017,11,78,0,1,Japanese,Japan,0,0,0,0,0,0,0,0,0,1,0,0,0,0,0,0,0,0,0,0,1,0,0,0,0,0,0
81251918,Parking,2008,11,112,7,6,Mandarin,Taiwan,1,0,0,0,0,0,0,0,0,1,0,0,0,0,0,0,0,0,0,0,0,0,0,0,0,0,0
81253954,3 Seasons in Hell,2009,11,110,4,10,Czech,"Czech Republic, Germany, Slovakia",0,0,0,0,0,0,0,0,0,1,0,0,0,0,0,0,0,0,0,0,1,0,0,0,0,0,0
81254806,Before the Summer Crowds,2015,12,90,0,1,Arabic,Egypt,0,0,0,0,0,0,0,0,0,1,0,0,0,0,0,0,0,0,0,0,0,0,0,0,0,0,0
81081050,It Chapter Two,2019,9,169,5,20,"English, North American Indian, Spanish","Canada, USA",2,0,0,0,0,0,0,0,0,1,0,1,0,0,1,0,0,0,0,0,0,0,0,0,0,0,0
70100329,The Pied Piper,1986,9,53,1,2,Czech,"Czechoslovakia, West Germany",0,0,0,0,1,0,0,0,0,0,0,1,0,0,1,0,0,0,0,0,0,0,0,0,0,0,0
81069312,Spelling the Dream,2020,6,82,1,1,English,USA,0,0,0,0,0,0,0,0,1,0,0,0,0,0,0,0,0,0,0,0,0,0,0,0,0,0,0
81034769,The Addams Family,1991,11,99,6,20,"English, Italian, French",USA,1,0,0,0,0,0,1,0,0,0,0,1,0,0,0,0,0,0,0,0,0,0,0,0,0,0,0
81004268,Mirai,2018,7,98,6,33,"Japanese, English",Japan,0,0,0,1,1,0,0,0,0,1,1,1,0,0,0,0,0,0,0,0,0,0,0,0,0,0,0
81246123,Lego DC: Batman: Family Matters,2019,7,72,1,1,English,USA,0,0,1,0,1,0,1,0,0,0,1,0,0,0,0,0,0,0,0,0,0,1,0,0,0,0,0
81172260,The Song of Names,2019,12,113,6,7,English,"Canada, Hungary, UK, Germany",0,0,0,0,0,0,0,0,0,1,0,0,0,0,0,1,0,1,0,0,0,0,0,0,0,1,0
81262158,Night,2006,12,108,2,8,"English, Italian, Hebrew","USA, UK",0,0,0,1,0,0,1,0,0,0,1,1,0,0,0,0,0,0,0,0,0,0,0,0,0,0,0
81025595,I&#39;m No Longer Here,1999,5,136,29,66,English,USA,1,0,1,1,0,0,0,0,0,0,0,1,0,0,0,0,0,0,0,0,0,1,0,0,0,0,0
81191389,Ne Zha,2019,7,110,16,16,"Mandarin, English",China,0,0,1,1,1,0,0,0,0,0,1,1,0,0,0,0,0,0,0,0,0,0,0,0,1,0,0
70000123,The Other,1972,5,108,1,0,English,USA,0,0,0,0,0,0,0,0,0,1,0,0,0,0,1,0,0,1,0,0,0,0,0,0,1,0,0
81248748,The Lovebirds,2008,3,81,3,0,"Portuguese, English","USA, Portugal",0,0,0,0,0,0,0,0,0,1,0,0,0,0,0,0,0,0,0,0,0,0,0,0,0,0,0
81260630,#FriendButMarried,2018,3,102,0,3,Indonesian,Indonesia,0,1,0,0,0,1,0,0,0,1,0,0,0,0,0,0,0,0,0,0,1,0,0,0,0,0,0
81275006,Bus Palladium,2010,3,100,0,2,"French, English",France,0,0,0,0,0,0,1,0,0,1,0,0,0,0,0,1,0,0,0,0,0,0,0,0,0,0,0
80011134,Une chambre en ville,1982,10,90,3,10,French,France,0,0,0,0,0,0,0,0,0,1,0,0,0,0,0,0,1,0,0,0,1,0,0,0,0,0,0
81274665,Mystify: Michael Hutchence,2019,7,102,1,7,"English, Italian, French","Australia, UK",0,0,0,0,0,1,0,0,1,0,0,0,0,0,0,1,0,0,0,0,0,0,0,0,0,0,0
81254495,What&#39;s Up?,2000,12,127,6,8,English,USA,1,0,0,0,0,0,1,0,0,0,0,1,0,0,0,0,0,0,0,0,1,0,0,0,0,0,0
81254476,Life&#39;s Speed Bump,2017,3,104,0,7,"English, Japanese, Vietnamese","UK, USA",3,0,0,0,0,0,0,0,0,0,0,0,0,0,1,0,0,0,0,0,0,1,0,0,1,0,0
81254498,Let&#39;s Dance,2008,12,114,75,55,"Swedish, Spanish",Sweden,0,0,0,0,0,0,0,1,0,1,0,1,0,0,1,0,0,0,0,0,1,0,0,0,0,0,0
81132389,For Sama,2019,7,100,62,43,"Arabic, English","UK, Syria, USA",0,0,0,0,0,0,0,0,1,0,0,0,0,0,0,0,0,0,0,0,0,0,0,0,0,1,0
81092120,Pure as Snow,2019,4,112,0,2,French,"France, Belgium",0,0,0,0,0,0,1,0,0,1,0,0,0,0,0,0,0,0,0,0,0,0,0,0,0,0,0
81262460,Portrait of a Beauty,2008,11,108,1,6,Korean,South Korea,0,0,0,0,0,0,0,0,0,1,0,0,0,0,0,0,0,0,0,0,1,0,0,0,0,0,0
81220944,Human Nature,2001,9,96,2,2,"English, French","France, USA",0,0,0,0,0,0,1,0,0,1,0,0,0,0,0,0,0,0,0,0,0,0,0,0,0,0,0
81252520,Heaven Without People,2017,12,91,2,5,Arabic,Lebanon,0,0,0,0,0,0,0,0,0,1,0,0,0,0,0,0,0,0,0,0,0,0,0,0,0,0,0
81252519,Grandmother&#39;s Farm Part 2,2010,5,110,17,20,"Filipino, Tagalog","France, Philippines",0,0,0,0,0,0,0,0,0,1,0,0,0,0,0,0,0,0,0,0,0,0,0,0,0,0,0
81252518,Grandmother&#39;s Farm,2010,5,110,17,20,"Filipino, Tagalog","France, Philippines",0,0,0,0,0,0,0,0,0,1,0,0,0,0,0,0,0,0,0,0,0,0,0,0,0,0,0
81252509,Ali &amp; Alia,2001,12,157,12,25,"English, French, Swahili",USA,0,0,0,0,0,1,0,0,0,1,0,0,0,0,0,0,0,0,0,0,0,0,0,1,0,0,0
81132059,John Henry,2000,10,10,1,1,English,USA,0,0,0,0,1,0,0,0,0,1,1,0,0,1,0,0,1,0,0,0,0,0,1,0,0,0,0
81261846,18 Presents,2020,5,115,0,2,Italian,Italy,0,0,0,0,0,0,0,0,0,1,0,0,0,0,0,0,0,0,0,0,0,0,0,0,0,0,0
81260649,Si Doel the Movie,2018,8,85,0,1,Indonesian,Indonesia,1,0,0,0,0,0,0,0,0,1,0,0,0,0,0,0,0,0,0,0,1,0,0,0,0,0,0
81260648,Si Doel the Movie 2,2019,6,95,0,2,Indonesian,Indonesia,1,0,0,0,0,0,0,0,0,1,0,0,0,0,0,0,0,0,0,0,1,0,0,0,0,0,0
81242205,O Vendedor de Sonhos,2016,12,98,0,1,Portuguese,Brazil,0,0,0,0,0,0,0,0,0,1,0,0,0,0,0,0,0,0,0,0,0,0,0,0,0,0,0
60034524,Monsieur Verdoux,1947,12,124,6,0,English,USA,0,0,0,0,0,0,1,1,0,1,0,0,0,0,0,0,0,0,0,0,0,0,0,0,0,0,0
81260315,Thomas &amp; Friends: Thomas and the Royal Engine,2008,12,70,5,2,Finnish,Finland,0,0,0,0,0,0,0,0,0,1,0,0,0,0,0,0,0,0,0,0,0,0,0,0,0,0,0
81260314,Thomas &amp; Friends: Marvelous Machinery: World of Tomorrow,2008,12,70,5,2,Finnish,Finland,0,0,0,0,0,0,0,0,0,1,0,0,0,0,0,0,0,0,0,0,0,0,0,0,0,0,0
81260313,Thomas &amp; Friends: Marvelous Machinery: A New Arrival,2008,12,70,5,2,Finnish,Finland,0,0,0,0,0,0,0,0,0,1,0,0,0,0,0,0,0,0,0,0,0,0,0,0,0,0,0
81240510,An Almost Ordinary Summer,2019,2,100,2,2,"Italian, French",Italy,0,0,0,0,0,0,1,0,0,0,0,0,0,0,0,0,0,0,0,0,0,0,0,0,0,0,0
80168228,Step,2017,8,84,9,20,English,USA,0,0,0,0,0,0,0,0,1,0,0,0,0,0,0,0,0,0,0,0,0,0,0,0,0,0,0
80210745,A Score to Settle,2019,8,103,0,1,"English, Spanish, Italian","Canada, USA",1,0,1,0,0,0,0,1,0,1,0,0,0,0,0,0,0,0,0,0,0,0,0,0,1,0,0
70140919,Gangster&#39;s Paradise: Jerusalema,2008,8,119,6,1,"English, Afrikaans",South Africa,0,0,1,0,0,0,0,1,0,1,0,0,0,0,0,0,0,0,0,0,0,0,0,0,0,0,0
81268515,Verliefd Op Cuba,2019,2,105,2,1,Dutch,Netherlands,0,0,0,0,0,0,1,0,0,1,0,0,0,0,0,0,0,0,0,0,1,0,0,0,0,0,0
81248634,"Help, I Shrunk My Teacher",2015,12,90,1,1,German,"Germany, Austria",0,0,1,1,0,0,1,0,0,0,1,0,0,0,0,0,0,0,0,0,0,0,0,0,0,0,0
81207271,The Reliant,2019,8,140,1,1,English,USA,0,0,1,0,0,0,0,0,0,0,0,0,0,0,0,0,0,0,0,0,0,0,0,0,0,0,0
81128581,While We Live,2017,10,98,0,6,Danish,Denmark,0,0,0,0,0,0,0,0,0,1,0,0,0,0,0,0,0,0,0,0,0,0,0,0,0,0,0
70048120,The 400 Blows,1959,11,99,10,6,"French, English",France,2,1,0,0,0,0,0,1,0,1,0,0,0,0,0,0,0,0,0,0,0,0,0,0,0,0,0
1001511,Stolen Kisses,1969,2,91,6,5,"French, English",France,6,1,0,0,0,0,1,0,0,1,0,0,0,0,0,0,0,0,0,0,1,0,0,0,0,0,0
19599445,Shoot the Piano Player,1962,7,92,0,1,French,France,0,1,0,0,0,0,0,1,0,1,0,0,0,0,0,0,0,0,0,0,0,0,0,0,1,0,0
20769923,The Woman Next Door,1981,9,106,2,5,French,France,0,1,0,0,0,0,0,0,0,1,0,0,0,0,0,0,0,0,0,0,1,0,0,0,0,0,0
21236858,The Soft Skin,1964,4,113,1,1,"French, Portuguese, English",France,2,1,0,0,0,0,0,0,0,1,0,0,0,0,0,0,0,0,0,0,1,0,0,0,0,0,0
70117083,The Last Metro,1981,2,131,14,5,"French, German",France,0,1,0,0,0,0,0,0,0,1,0,0,0,0,0,0,0,0,0,0,1,0,0,0,0,1,0
489248,Fahrenheit 451,1966,11,112,0,3,English,UK,0,1,0,0,0,0,0,0,0,1,0,0,0,0,0,0,0,0,0,0,0,1,0,0,0,0,0
718224,Love on the Run,1979,4,94,1,1,French,France,6,1,0,0,0,0,1,0,0,1,0,0,0,0,0,0,0,0,0,0,1,0,0,0,0,0,0
394550,Confidentially Yours,1983,8,110,0,3,French,France,0,1,0,0,0,0,1,1,0,0,0,0,0,0,0,0,0,1,0,0,0,0,0,0,1,0,0
81086524,Black and Blue,2019,10,108,1,1,English,USA,2,0,1,0,0,0,0,1,0,0,0,0,0,0,0,0,0,0,0,0,0,0,0,0,1,0,0
81260628,This Earth of Mankind,2019,8,181,0,12,"Indonesian, Dutch",Indonesia,0,0,0,0,0,0,0,0,0,1,0,0,0,1,0,0,0,0,0,0,0,0,0,0,0,0,0
81260652,My Stupid Boss,2016,5,108,1,0,"Indonesian, Malay, English",Indonesia,2,1,0,0,0,0,1,0,0,0,0,0,0,0,0,0,0,0,0,0,0,0,0,0,0,0,0
60002008,My American Uncle,1980,12,125,12,10,French,France,2,0,0,0,0,0,1,0,0,1,0,0,0,0,0,0,0,0,0,0,1,0,0,0,0,0,0
80015404,Not My Day,2014,1,110,0,2,"German, English, Dutch, Albanian",Germany,2,0,1,1,0,0,1,1,0,0,0,0,0,0,0,0,0,0,0,0,0,0,0,0,0,0,0
80223716,What They Had,2018,11,101,3,4,English,USA,1,0,0,0,0,0,0,0,0,1,0,0,0,0,0,0,0,0,0,0,0,0,0,0,0,0,0
80014947,ROAD TO NINJA: NARUTO THE MOVIE,2014,8,110,2,1,Japanese,Japan,2,0,1,1,1,0,1,0,0,0,0,1,0,0,0,0,0,0,0,0,0,0,0,0,0,0,0
81093420,Zombieland: Double Tap,2019,10,99,0,3,"English, Spanish, Italian, Inuktitut",USA,2,0,1,0,0,0,1,0,0,0,0,0,0,0,1,0,0,0,0,0,0,0,0,0,0,0,0
81037745,The Sun Is Also a Star,2019,5,100,0,2,English,USA,0,0,0,0,0,0,0,0,0,1,0,0,0,0,0,1,0,0,0,0,1,0,0,0,0,0,0
81089935,Rambo: Last Blood,2019,9,89,4,7,"English, Spanish",USA,0,0,1,1,0,0,0,0,0,0,0,0,0,0,0,0,0,0,0,0,0,0,0,0,1,0,0
81010254,Sprinter,2019,9,114,6,1,English,"Jamaica, USA",0,0,0,0,0,0,0,0,0,1,0,0,0,0,0,0,0,0,0,0,0,0,0,1,0,0,0
70271605,Yesterday Never Ends,2013,4,108,5,3,"Spanish, German",Spain,0,0,0,0,0,0,0,0,0,1,0,0,0,0,0,0,0,0,0,0,0,0,0,0,0,0,0
60030191,Big Girls Don&#39;t Cry,2002,10,87,0,2,German,Germany,0,0,0,0,0,0,0,0,0,1,0,0,0,0,0,0,0,0,0,0,0,0,0,0,0,0,0
81107693,Door Lock,2018,12,102,1,0,Korean,South Korea,0,0,0,0,0,0,0,0,0,0,0,0,0,0,0,0,0,0,0,0,0,0,0,0,1,0,0
81037693,Little,2019,4,109,3,6,English,USA,0,0,0,0,0,0,1,0,0,0,0,1,0,0,0,0,0,0,0,0,1,0,0,0,0,0,0
81086886,Gemini,2018,3,93,1,5,English,USA,4,0,0,0,0,0,0,1,0,1,0,0,0,0,0,0,0,1,0,0,0,0,0,0,1,0,0
70299618,Four Corners,2014,3,119,8,3,"Afrikaans, English",South Africa,0,0,0,0,0,0,0,1,0,0,0,0,0,0,0,0,0,0,0,0,0,0,0,0,1,0,0
81234208,Recep Ivedik 6,2019,11,110,0,3,Turkish,Turkey,0,0,0,0,0,0,1,0,0,0,0,0,0,0,0,0,0,0,0,0,0,0,0,0,0,0,0
81002881,The Place,2017,11,105,1,16,Italian,Italy,0,0,0,0,0,0,0,0,0,1,0,0,0,0,0,0,0,1,0,0,0,0,0,0,1,0,0
81248633,Friendship!,2010,1,110,1,2,"German, English","Germany, USA",2,0,0,1,0,0,1,0,0,0,0,0,0,0,0,0,0,0,0,0,0,0,0,0,0,0,0
81248323,The Ghost Who Walks,2019,7,106,9,0,English,USA,0,0,0,0,0,0,0,1,0,0,0,0,0,0,0,0,0,0,0,0,0,0,0,0,0,0,0
81111103,Mine 9,2019,3,83,4,0,English,USA,0,0,0,0,0,0,0,0,0,1,0,0,0,0,0,0,0,0,0,0,0,0,0,0,0,0,0
70276515,Yeh Jawaani Hai Deewani,2013,5,160,24,87,"Hindi, English, French",India,0,0,0,0,0,0,1,0,0,1,0,0,0,0,0,0,1,0,0,0,1,0,0,0,0,0,0
70276514,Gippi,2013,5,95,0,1,Hindi,India,0,0,0,0,0,0,1,0,0,1,0,0,0,0,0,0,0,0,0,0,0,0,0,0,0,0,0
60004109,School Daze,1988,2,121,0,1,English,USA,6,1,0,0,0,0,1,0,0,1,0,0,0,0,0,0,1,0,0,0,0,0,0,0,0,0,0
80211455,Indian Horse,2018,4,101,9,9,English,Canada,0,0,0,0,0,0,0,0,0,1,0,0,0,0,0,0,0,0,0,0,0,0,0,0,0,0,0
60000888,The Adventures of Rocky and Bullwinkle,2018,5,30,0,10,English,USA,2,0,0,1,1,0,1,0,0,0,1,0,0,0,0,0,0,0,0,0,0,0,1,0,0,0,0
70084793,The Ruins,2008,4,90,0,6,"English, Maya, Spanish, Greek, German","USA, Germany, Australia",0,0,0,0,0,0,0,0,0,0,0,1,0,0,1,0,0,0,0,0,0,0,0,0,1,0,0
70037493,Kaal,2005,4,126,0,2,Hindi,India,0,0,0,1,0,0,0,0,0,0,0,0,0,0,1,0,0,1,0,0,0,1,0,0,1,0,0
80226482,Bodies at Rest,2019,8,94,0,1,"Mandarin, Cantonese","China, Hong Kong",2,0,1,0,0,0,0,1,0,0,0,0,0,0,0,0,0,1,0,0,0,0,0,0,1,0,0
24012660,Gumrah,1993,8,149,0,1,Hindi,India,2,0,1,0,0,0,0,1,0,1,0,0,0,0,0,0,0,0,0,0,0,0,0,0,1,0,0
70109680,Dostana,2008,11,145,3,10,"Hindi, English","India, USA",6,0,0,0,0,0,1,0,0,1,0,0,0,0,0,0,0,0,0,0,1,0,0,0,0,0,0
17517355,Duplicate,1998,5,164,0,3,Hindi,India,2,0,1,0,0,0,1,1,0,0,0,0,0,0,0,0,0,0,0,0,0,0,0,0,1,0,0
235527,Agneepath,1990,2,174,3,3,Hindi,India,1,0,1,0,0,0,0,1,0,1,0,0,0,0,0,0,0,0,0,0,0,0,0,0,0,0,0
81012480,The Front Runner,2018,11,113,1,4,English,"Canada, USA",4,0,0,0,0,1,0,0,0,1,0,0,0,1,0,0,0,0,0,0,0,0,0,0,0,0,0
60010334,Fame,1980,5,134,7,16,"English, Spanish, French, Russian",USA,0,0,0,0,0,0,0,0,0,1,0,0,0,0,0,1,1,0,0,0,0,0,0,0,0,0,0
80244339,"Juliet, Naked",2018,8,97,0,5,English,"USA, UK",2,0,0,0,0,0,1,0,0,1,0,0,0,0,0,1,0,0,0,0,1,0,0,0,0,0,0
81034560,All Is True,2019,5,101,1,3,English,UK,0,0,0,0,0,1,0,0,0,1,0,0,0,1,0,0,0,0,0,0,0,0,0,0,0,0,0
80036398,When Marnie Was There,2014,7,103,5,17,Japanese,Japan,2,0,0,0,1,0,0,0,0,1,1,0,0,0,0,0,0,1,0,0,0,0,0,0,0,0,0
60010322,Endless Love,1981,7,116,3,15,English,USA,0,0,0,0,0,0,0,0,0,1,0,0,0,0,0,0,0,0,0,0,1,0,0,0,0,0,0
70035036,Pom Poko,1995,12,119,3,1,Japanese,Japan,6,2,0,0,1,0,1,0,0,1,1,1,0,0,0,0,0,0,0,0,0,0,0,0,0,0,0
70028883,Howl&rsquo;s Moving Castle,2005,6,119,15,19,Japanese,Japan,4,1,0,1,1,0,0,0,0,0,1,1,0,0,0,0,0,0,0,0,0,0,0,0,0,0,0
70154540,And You Thought Your Parents Were Weird,1991,11,92,0,4,English,USA,0,0,0,0,0,0,1,0,0,0,1,1,0,0,0,0,0,0,0,0,0,0,0,0,0,0,0
70262786,From Up on Poppy Hill,2011,7,91,6,11,Japanese,Japan,6,1,0,0,1,0,0,0,0,1,1,0,0,0,0,0,0,0,0,0,1,0,0,0,0,0,0
60003410,Anatomy,2000,2,103,1,3,"German, Latin",Germany,0,0,0,0,0,0,0,0,0,0,0,0,0,0,1,0,0,0,0,0,0,0,0,0,1,0,0
80216316,The Insult,2019,6,113,18,14,Arabic,"France, Cyprus, Belgium, Lebanon, USA",0,1,0,0,0,0,0,1,0,1,0,0,0,0,0,0,0,0,0,0,0,0,0,0,1,0,0
81192110,Jim Button and Luke the Engine Driver,2019,11,110,2,3,"English, German",Germany,2,0,0,1,0,0,0,0,0,0,1,1,0,0,0,0,0,0,0,0,0,0,0,0,0,0,0
81002882,The Girl in the Fog,2017,10,128,3,8,Italian,"Italy, Germany, France",0,0,0,0,0,0,0,1,0,0,0,0,0,0,0,0,0,1,0,0,0,0,0,0,1,0,0
81097552,Bethany Hamilton: Unstoppable,2019,7,100,3,1,English,USA,0,0,0,0,0,0,0,0,1,0,0,0,0,0,0,0,0,0,0,0,0,0,0,1,0,0,0
81095126,Annabelle Comes Home,2019,6,106,0,2,English,USA,2,0,0,0,0,0,0,0,0,0,0,0,0,0,1,0,0,1,0,0,0,0,0,0,1,0,0
80147295,Brimstone,2017,1,148,11,12,"English, Dutch","Netherlands, France, Germany, Belgium, Sweden, UK, USA",2,0,0,0,0,0,0,0,0,1,0,0,0,0,0,0,0,1,0,0,0,0,0,0,1,0,1
81128579,The Platform,2020,3,94,9,14,Spanish,Spain,0,0,0,0,0,0,0,0,0,0,0,0,0,0,1,0,0,0,0,0,0,1,0,0,1,0,0
80208334,Summer Night,2019,7,98,0,1,English,USA,0,0,0,0,0,0,1,0,0,1,0,0,0,0,0,0,0,0,0,0,0,0,0,0,0,0,0
81245832,Start-Up,2019,12,102,1,0,Korean,South Korea,0,0,0,0,0,0,1,0,0,1,0,0,0,0,0,0,0,0,0,0,0,0,0,0,0,0,0
81075659,Overcomer,2019,8,119,0,4,English,USA,0,0,0,0,0,0,0,0,0,1,0,0,0,0,0,0,0,0,0,0,0,0,0,1,0,0,0
80199440,Extra Ordinary,2020,3,94,10,4,English,"Ireland, Belgium, Finland, UK",2,0,0,0,0,0,1,0,0,0,0,1,0,0,1,0,0,0,0,0,0,0,0,0,0,0,0
81240448,Leprechaun Returns,2018,12,92,0,1,English,"USA, Canada, South Africa",0,0,0,0,0,0,1,0,0,0,0,1,0,0,1,0,0,0,0,0,0,0,0,0,0,0,0
80203749,The Mustang,2019,6,96,5,7,English,"France, Belgium",2,0,0,0,0,0,0,0,0,1,0,0,0,0,0,0,0,0,0,0,0,0,0,0,0,0,0
81240436,Best F(r)iends: Volume 1,2018,3,108,2,0,English,USA,0,0,0,0,0,0,1,0,0,1,0,0,0,0,0,0,0,0,0,0,0,0,0,0,1,0,0
80208090,Them That Follow,2019,8,98,1,4,English,USA,1,0,0,0,0,0,0,0,0,1,0,0,0,0,0,0,0,0,0,0,0,0,0,0,1,0,0
80998990,Maquia: When the Promised Flower Blooms,2018,2,115,1,1,"Japanese, English",Japan,1,0,0,1,1,0,0,0,0,1,1,1,0,0,0,0,0,0,0,0,0,0,0,0,0,0,0
81037593,I Want to Eat Your Pancreas,2018,9,109,0,1,Japanese,Japan,0,0,0,0,1,0,0,0,0,1,1,0,0,0,0,0,0,0,0,0,1,0,0,0,0,0,0
80177814,Close-Knit,2017,2,127,5,1,Japanese,Japan,0,0,0,0,0,0,0,0,0,1,0,0,0,0,0,0,0,0,0,0,0,0,0,0,0,0,0
81239784,Siccin 4,2017,9,93,0,1,Turkish,Turkey,0,1,0,0,0,0,0,0,0,0,0,0,0,0,1,0,0,0,0,0,0,0,0,0,0,0,0
81239779,Miracle in Cell No. 7,2020,1,120,0,4,"Tagalog, Filipino",Philippines,0,0,0,0,0,0,0,0,0,1,0,0,0,0,0,0,0,0,0,0,0,0,0,0,0,0,0
81184332,Last Ferry,2019,10,86,1,2,English,USA,0,0,0,0,0,0,0,1,0,1,0,0,0,0,0,0,0,0,0,0,0,0,0,0,1,0,0
81064867,Once Upon a Time in Hollywood,2019,7,161,127,341,"English, German, Italian, Spanish","USA, UK, China",3,0,0,0,0,0,1,0,0,1,0,0,0,0,0,0,0,0,0,0,0,0,0,0,0,0,0
80227122,Miles Davis: Birth of the Cool,2019,8,115,1,7,English,USA,0,0,0,0,0,1,0,0,1,0,0,0,0,0,0,1,0,0,0,0,0,0,0,0,0,0,0
81035785,The Healer,2018,9,113,1,0,English,"Spain, Canada, USA",0,0,0,0,0,0,1,0,0,1,1,0,0,0,0,0,0,0,0,0,1,0,0,0,0,0,0
81031738,Freaks,2019,9,105,9,13,English,"Canada, USA",2,0,0,0,0,0,0,0,0,1,0,0,0,0,0,0,0,1,0,0,0,1,0,0,1,0,0
70041148,The Death of Mr. Lazarescu,2005,9,153,29,14,Romanian,Romania,0,1,0,0,0,0,0,0,0,1,0,0,0,0,0,0,0,0,0,0,0,0,0,0,0,0,0
70139563,Aurora,2011,6,181,7,8,Romanian,"Romania, France, Switzerland, Germany",0,1,0,0,0,0,0,0,0,1,0,0,0,0,0,0,0,0,0,0,0,0,0,0,0,0,0
81237756,Concrete Romance,2007,10,102,2,5,Italian,Italy,0,0,0,0,0,0,0,1,0,0,0,0,0,0,0,0,0,0,0,0,0,0,0,0,1,0,0
70127614,White Wedding,2009,4,93,0,2,"Zulu, Afrikaans, Xhosa, English",South Africa,0,0,0,0,0,0,1,0,0,0,0,0,0,0,0,0,0,0,0,0,1,0,0,0,0,0,0
81059913,Outlaws,2019,2,92,0,7,English,Australia,0,0,0,0,0,0,0,1,0,1,0,0,0,0,0,0,0,0,0,0,0,0,0,0,1,0,0
18957852,October Sky,1999,2,108,4,11,English,USA,4,0,0,0,0,1,0,0,0,1,1,0,0,0,0,0,0,0,0,0,0,0,0,0,0,0,0
81168900,Clergy,2018,9,133,12,5,"Polish, Italian, Czech",Poland,0,0,0,0,0,0,0,0,0,1,0,0,0,0,0,0,0,0,0,0,0,0,0,0,0,0,0
60000043,Perfect Blue,1998,2,81,3,3,Japanese,Japan,0,0,0,0,1,0,0,0,0,0,0,0,0,0,1,0,0,1,0,0,0,0,0,0,1,0,0
81237757,The State-Mafia Pact,2014,10,108,0,1,Italian,Italy,0,0,0,0,0,0,0,1,0,0,0,0,0,0,0,0,0,0,0,0,0,0,0,0,0,0,0
81078076,Apollo 11,2019,3,93,53,35,English,USA,0,0,0,0,0,0,0,0,1,0,0,0,0,1,0,0,0,0,0,0,0,0,0,0,0,0,0
80144196,Lady Macbeth,2017,7,89,20,44,English,UK,1,0,0,0,0,0,0,0,0,1,0,0,0,0,0,0,0,0,0,0,1,0,0,0,0,0,0
70019062,Nausica&auml; of the Valley of the Wind,1987,11,117,3,1,Japanese,"Japan, USA",0,1,0,1,1,0,0,0,0,0,0,1,0,0,0,0,0,0,0,0,0,1,0,0,0,0,0
81218662,Hibiki,2018,9,105,0,1,Japanese,Japan,0,0,0,0,0,0,0,0,0,1,0,0,0,0,0,0,0,0,0,0,0,0,0,0,0,0,0
80223140,Paradise Hills,2019,10,95,0,12,English,Spain,4,0,0,0,0,0,0,0,0,0,0,1,0,0,0,0,0,0,0,0,0,1,0,0,1,0,0
81123017,The Professor,2019,5,90,0,1,English,USA,0,0,0,0,0,0,1,0,0,1,0,0,0,0,0,0,0,0,0,0,0,0,0,0,0,0,0
81044417,Godzilla: King of the Monsters,2019,5,132,3,11,"English, Japanese, Chinese, Spanish","USA, Japan, Canada, Mexico",3,0,1,1,0,0,0,0,0,0,0,1,0,0,0,0,0,0,0,0,0,1,0,0,0,0,0
81073593,The Angry Birds Movie 2,2019,8,97,0,4,English,"Finland, USA",4,0,0,1,1,0,1,0,0,0,1,0,0,0,0,0,0,0,0,0,0,0,0,0,0,0,0
81172821,Every Time I Die,2019,3,98,3,1,English,USA,0,0,0,0,0,0,0,0,0,0,0,0,0,0,0,0,0,0,0,0,0,0,0,0,1,0,0
81082119,Girl on the Third Floor,2019,10,93,2,2,English,USA,0,0,0,0,0,0,0,0,0,1,0,0,0,0,1,0,0,1,0,0,0,0,0,0,0,0,0
81232423,Untamed Romania,2019,8,92,0,1,"Romanian, English","Romania, UK",1,0,0,0,0,0,0,0,1,0,0,0,0,0,0,0,0,0,0,0,0,0,0,0,0,0,0
81237751,Arrivano i prof,2018,5,100,0,1,Italian,Italy,0,0,0,0,0,0,1,0,0,0,0,0,0,0,0,0,0,0,0,0,0,0,0,0,0,0,0
81237750,Remember Me?,2014,4,87,0,1,Italian,Italy,0,0,0,0,0,0,1,0,0,0,0,0,0,0,0,0,0,0,0,0,1,0,0,0,0,0,0
80240559,Puzzle,2018,9,103,2,1,English,USA,0,0,0,0,0,0,0,0,0,1,0,0,0,0,0,0,0,0,0,0,0,0,0,0,0,0,0
81088734,The Professor and the Madman,2019,5,124,0,1,English,"Ireland, France, Iceland, USA, Mexico, Belgium, UK, Hong Kong",0,0,0,0,0,1,0,0,0,1,0,0,0,0,0,0,0,0,0,0,0,0,0,0,0,0,0
80184082,The Ballad of Lefty Brown,2017,12,111,0,1,English,USA,0,0,1,0,0,0,0,0,0,1,0,0,0,0,0,0,0,0,0,0,0,0,0,0,0,0,1
80240954,Late Night,2019,6,102,2,4,English,USA,2,0,0,0,0,0,1,0,0,1,0,0,0,0,0,0,0,0,0,0,0,0,0,0,0,0,0
81037695,Pok&eacute;mon Detective Pikachu,2019,5,104,0,8,English,"USA, Japan, UK, Canada",2,0,1,1,0,0,1,0,0,0,1,0,0,0,0,0,0,1,0,0,0,1,0,0,0,0,0
81234207,Recep &#x130;vedik 5,2017,2,114,0,3,Turkish,Turkey,0,0,0,0,0,0,1,0,0,0,0,0,0,0,0,0,0,0,0,0,0,0,0,0,0,0,0
80990341,Grandma&#39;s Wedding,2015,9,79,6,12,English,USA,2,0,0,0,0,0,1,0,0,1,0,0,0,0,0,0,0,0,0,0,0,0,0,0,0,0,0
80210290,Show Dogs,2018,5,92,0,1,English,"UK, USA",4,0,0,1,0,0,1,0,0,0,1,0,0,0,0,0,0,0,0,0,0,0,0,0,0,0,0
80187054,Red Sparrow,2018,3,140,3,8,"English, Russian",USA,2,0,1,0,0,0,0,0,0,1,0,0,0,0,0,0,0,0,0,0,0,0,0,0,1,0,0
81164660,Bloodline,2019,9,97,0,1,English,USA,2,0,0,0,0,0,0,1,0,0,0,0,0,0,1,0,0,0,0,0,0,0,0,0,1,0,0
81151857,Rossini,1997,1,114,14,4,"Italian, German, French, English",Germany,0,0,0,0,0,0,1,0,0,0,0,0,0,0,0,0,0,0,0,0,0,0,0,0,0,0,0
81151856,Tigermilch,2017,8,106,1,0,"German, Arabic, Bosnian, Serbo-Croatian",Germany,0,0,0,0,0,0,1,0,0,1,0,0,0,0,0,0,0,0,0,0,0,0,0,0,0,0,0
81151855,Tiger Girl,2017,4,90,0,1,"German, English",Germany,0,0,1,0,0,0,0,1,0,1,0,0,0,0,0,0,0,0,0,0,0,0,0,0,0,0,0
81037694,UglyDolls,2019,5,87,1,1,English,"China, Canada, USA, Thailand",6,0,0,1,1,0,1,0,0,0,1,1,0,0,0,0,1,0,0,0,0,0,0,0,0,0,0
81233380,A One-Way Trip to Antibes,2011,9,105,1,1,Swedish,Sweden,1,0,0,0,0,0,0,0,0,1,0,0,0,0,0,0,0,0,0,0,0,0,0,0,0,0,0
70019060,Porco Rosso,1994,12,94,3,0,Japanese,Japan,2,1,0,1,1,0,1,0,0,0,0,1,0,0,0,0,0,0,0,0,1,0,0,0,0,0,0
80092922,Only Yesterday,2016,2,118,1,8,"Japanese, Hungarian",Japan,2,1,0,0,1,0,0,0,0,1,0,0,0,0,0,0,0,0,0,0,1,0,0,0,0,0,0
81070896,Hear Me,2009,8,109,2,2,"Sign Languages, Chinese",Taiwan,0,0,0,0,0,0,0,0,0,1,0,0,0,0,0,0,0,0,0,0,1,0,0,0,0,0,0
70142821,Tales from Earthsea,2006,7,115,0,3,"Japanese, English",Japan,4,2,0,1,1,0,0,0,0,0,0,1,0,0,0,0,0,0,0,0,0,0,0,0,0,0,0
81043813,Love Jacked,2018,10,100,2,2,English,"Canada, South Africa",2,0,0,0,0,0,1,0,0,0,0,0,0,0,0,0,0,0,0,0,1,0,0,0,0,0,0
60027106,Kiki&rsquo;s Delivery Service,1990,12,103,4,0,"Japanese, English",Japan,4,1,0,1,1,0,0,0,0,1,1,1,0,0,0,0,0,0,0,0,0,0,0,0,0,0,0
60027393,Castle in the Sky,1986,8,125,1,0,Japanese,Japan,0,1,0,1,1,0,0,0,0,1,1,1,0,0,0,0,0,0,0,0,0,1,0,0,0,0,0
80990663,Uncut Gems,2019,12,135,24,76,"English, Hebrew",USA,0,0,0,0,0,0,0,1,0,1,0,0,0,0,0,0,0,0,0,0,0,0,0,0,1,0,0
81062369,37 Seconds,2020,1,115,6,1,Japanese,Japan,0,0,0,0,0,0,0,0,0,1,0,0,0,0,0,0,0,0,0,0,0,0,0,0,0,0,0
81229392,Ki,2011,9,139,1,3,"Hindi, English",India,0,0,0,0,0,0,1,0,0,0,1,0,0,0,0,0,0,0,0,0,1,0,0,0,0,0,0
80208530,The Children Act,2018,9,105,2,4,English,"UK, USA",2,0,0,0,0,0,0,0,0,1,0,0,0,0,0,0,0,0,0,0,0,0,0,0,0,0,0
81023623,Close Enemies,2018,10,111,1,1,"French, Arabic","France, Belgium",2,0,0,0,0,0,0,0,0,1,0,0,0,0,0,0,0,0,0,0,0,0,0,0,1,0,0
80991343,Mandy,2018,9,121,12,40,English,"UK, Belgium, USA",2,0,1,0,0,0,0,0,0,0,0,1,0,0,1,0,0,1,0,0,0,0,0,0,1,0,0
81213764,Child&#39;s Play,2019,6,90,1,3,"English, Vietnamese","Canada, USA",2,0,0,0,0,0,0,0,0,0,0,0,0,0,1,0,0,0,0,0,0,1,0,0,0,0,0
81233376,The Guy in the Grave Next Door,2002,8,94,1,4,Swedish,"Sweden, Norway",0,0,0,0,0,0,0,0,0,0,0,0,0,0,0,0,0,0,0,0,1,0,0,0,0,0,0
81233383,Swinger,2016,9,99,0,2,Danish,Denmark,0,0,0,0,0,0,1,0,0,0,0,0,0,0,0,0,0,0,0,0,1,0,0,0,0,0,0
81233379,Cornelis,2010,11,101,0,1,"Swedish, Dutch",Sweden,0,0,0,0,0,1,0,0,0,1,0,0,0,0,0,1,0,0,0,0,0,0,0,0,0,0,0
81219136,Fall in Love at First Kiss,2019,2,122,0,1,Mandarin,"Taiwan, China",0,0,0,0,0,0,1,0,0,0,0,0,0,0,0,0,0,0,0,0,1,0,0,0,0,0,0
11981468,Mr. Nice Guy,1998,3,88,1,2,"English, Cantonese, Mandarin",Hong Kong,0,0,1,0,0,0,1,1,0,0,0,0,0,0,0,0,0,0,0,0,0,0,0,0,0,0,0
81168282,A Sun,2019,11,156,6,18,Mandarin,Taiwan,0,0,0,0,0,0,0,1,0,1,0,0,0,0,0,0,0,0,0,0,0,0,0,0,0,0,0
81234443,Chemo,2015,10,95,0,3,Polish,Poland,0,0,0,0,0,0,1,0,0,1,0,0,0,0,0,0,0,0,0,0,0,0,0,0,0,0,0
70044999,Whisky,2004,12,94,22,6,"Spanish, Portuguese, Italian","Uruguay, Argentina, Germany, Spain",0,0,0,0,0,0,1,0,0,1,0,0,0,0,0,0,0,0,0,0,0,0,0,0,0,0,0
81074570,Toni Morrison: The Pieces I Am,2019,6,120,5,3,English,USA,0,0,0,0,0,0,0,0,1,0,0,0,0,0,0,0,0,0,0,0,0,0,0,0,0,0,0
60029194,Autumn Spring,2001,9,100,9,6,"Czech, Slovak",Czech Republic,0,0,0,0,0,0,1,0,0,1,1,0,0,0,0,0,0,0,0,0,0,0,0,0,0,0,0
81229396,Erratum,2011,4,95,3,4,Polish,Poland,0,0,0,0,0,0,0,0,0,1,0,0,0,0,0,0,0,0,0,0,0,0,0,0,0,0,0
81229401,Bandyta,1997,11,102,5,1,English,"Poland, France, Germany",0,0,0,0,0,0,0,0,0,1,0,0,0,0,0,0,0,0,0,0,0,0,0,0,0,0,0
60024878,Deserter&#39;s Gold,1998,12,123,0,1,Polish,Poland,1,0,1,0,0,0,1,0,0,0,0,0,0,0,0,0,0,0,0,0,0,0,0,0,0,1,0
60000552,Pan Tadeusz,2000,1,147,7,5,Polish,"Poland, France",1,0,0,0,0,0,0,0,0,1,0,0,0,1,0,0,0,0,0,0,1,0,0,0,0,1,0
81034937,The Curse of La Llorona,2019,4,93,0,6,"English, Spanish",USA,0,0,0,0,0,0,0,0,0,0,0,0,0,0,1,0,0,1,0,0,0,0,0,0,1,0,0
60020214,Tokyo Raiders,2000,1,118,0,4,"Cantonese, Japanese, English",Hong Kong,4,0,1,0,0,0,1,0,0,1,0,0,0,0,0,0,0,0,0,0,1,0,0,0,0,0,0
80997602,Eye For An Eye,2019,8,107,8,20,Spanish,"Spain, France, USA",0,0,0,0,0,0,0,0,0,1,0,0,0,0,0,0,0,0,0,0,0,0,0,0,1,0,0
81206000,Curtiz,2019,9,98,4,5,"English, Hungarian",Hungary,0,0,0,0,0,1,0,0,0,1,0,0,0,1,0,0,0,0,0,0,0,0,0,0,0,0,0
80177693,1945,2017,11,91,6,5,"Hungarian, Russian",Hungary,0,0,0,0,0,0,0,0,0,1,0,0,0,0,0,0,0,0,0,0,0,0,0,0,0,0,0
81016140,The Prodigy,2019,2,92,0,1,English,"USA, Canada",0,0,0,0,0,0,0,0,0,0,0,0,0,0,1,0,0,0,0,0,0,0,0,0,1,0,0
81241214,Crazy Romance,2019,10,115,0,3,Korean,South Korea,0,0,0,0,0,0,1,0,0,1,0,0,0,0,0,0,0,0,0,0,1,0,0,0,0,0,0
81111212,Only You,2019,7,119,5,8,English,"UK, Sweden",0,0,0,0,0,0,0,0,0,1,0,0,0,0,0,0,0,0,0,0,1,0,0,0,0,0,0
80019601,Fair Play,2014,3,100,1,21,Czech,"Czech Republic, Slovakia, Germany",1,0,0,0,0,0,0,0,0,1,0,0,0,0,0,0,0,0,0,0,0,0,0,1,0,0,0
81192007,Janosik: A True Story,2009,9,140,0,3,"Polish, Slovak, Czech, German, French","Poland, Slovakia, Czech Republic",0,0,0,1,0,0,0,0,0,1,0,0,0,0,0,0,0,0,0,0,1,0,0,0,0,0,0
81192826,Long shot,2019,5,125,5,9,"English, Swedish, French, Vietnamese, Russian, Hebrew",USA,0,0,0,0,0,0,1,0,0,0,0,0,0,0,0,0,0,0,0,0,1,0,0,0,0,0,0
81006825,All the Freckles in the World,2019,9,91,0,1,Spanish,Mexico,0,0,0,0,0,0,1,0,0,0,0,0,0,0,0,0,0,0,0,0,1,0,0,1,0,0,0
81034936,Missing Link,2019,4,93,6,37,"English, Spanish, Tibetan","Canada, USA",4,0,0,1,1,0,1,0,0,0,1,1,0,0,0,0,0,0,0,0,0,0,0,0,0,0,0
81055822,Spider-Man: Far from Home,2019,7,129,9,18,"English, Italian, Czech",USA,4,0,1,1,0,0,0,0,0,0,0,0,0,0,0,0,0,0,0,0,0,1,0,0,0,0,0
81030627,Shazam!,2019,4,132,0,17,"English, Spanish","USA, Canada",4,0,1,1,0,0,1,0,0,0,0,1,0,0,0,0,0,0,0,0,0,0,0,0,0,0,0
81209142,The Hustle,2019,5,93,3,3,"English, German, Dutch, Danish, French, American Sign Language",USA,4,0,0,0,0,0,1,1,0,0,0,0,0,0,0,0,0,0,0,0,0,0,0,0,0,0,0
1067948,True Romance,1993,9,119,1,10,"English, Italian","USA, France",1,0,0,0,0,0,0,1,0,1,0,0,0,0,0,0,0,0,0,0,1,0,0,0,1,0,0
60035031,My Own Private Idaho,1991,7,104,9,10,"English, Italian, German",USA,6,0,0,0,0,0,0,0,0,1,0,0,0,0,0,0,0,0,0,0,0,0,0,0,0,0,0
81227160,"Raul, o In&iacute;cio, o Fim e o Meio",2012,3,128,8,1,Portuguese,Brazil,0,0,0,0,0,0,0,0,1,0,0,0,0,0,0,1,0,0,0,0,0,0,0,0,0,0,0
70076207,Antibodies,2005,7,127,9,0,German,Germany,0,0,0,0,0,0,0,1,0,1,0,0,0,0,1,0,0,0,0,0,0,0,0,0,1,0,0
81192068,Barefoot,2017,8,111,6,12,Czech,"Czech Republic, Slovakia, Denmark",0,1,0,0,0,0,1,0,0,1,0,0,0,0,0,0,0,0,0,0,0,0,0,0,0,0,0
81116042,Nina,2018,10,130,0,1,"Polish, French",Poland,0,0,0,0,0,0,0,0,0,1,0,0,0,0,0,0,0,0,0,0,1,0,0,0,0,0,0
81038225,Benchwarmers 2: Breaking Balls,2019,1,91,0,1,English,USA,0,0,0,0,0,0,1,0,0,0,0,0,0,0,0,0,0,0,0,0,0,0,0,1,0,0,0
80221425,Mrs. Lowry and Son,2019,11,91,0,1,English,UK,0,0,0,0,0,1,0,0,0,1,0,0,0,1,0,0,0,0,0,0,0,0,0,0,0,0,0
81168939,John Wick: Chapter 3 - Parabellum,2019,5,131,12,27,"English, Russian, Japanese, Indonesian, Mandarin, Italian, Arabic, Latin",USA,6,0,1,0,0,0,0,1,0,0,0,0,0,0,0,0,0,0,0,0,0,0,0,0,1,0,0
81053206,Ask Dr. Ruth,2019,5,100,3,4,English,USA,0,0,0,0,0,1,0,0,1,0,0,0,0,0,0,0,0,0,0,0,0,0,0,0,0,0,0
70010633,Young and Dangerous 3,1996,6,98,1,1,"Cantonese, English, Mandarin, Dutch",Hong Kong,4,0,1,0,0,0,0,0,0,1,0,0,0,0,0,0,0,0,0,0,0,0,0,0,0,0,0
81026600,Us,2019,3,116,71,103,English,"USA, China, Japan",4,0,0,0,0,0,0,0,0,0,0,0,0,0,1,0,0,1,0,0,0,0,0,0,1,0,0
60037559,"Who&#39;s the Woman, Who&#39;s the Man",1999,6,95,19,30,"English, German",USA,0,0,1,1,0,0,1,1,0,0,0,0,0,0,0,0,0,0,0,0,0,0,0,0,0,0,0
27900274,The Storm Riders,1998,7,128,7,13,Cantonese,Hong Kong,4,0,1,1,0,0,0,0,0,0,0,1,0,0,0,0,0,0,0,0,0,0,0,0,0,0,0
60020114,From Beijing with Love,1994,9,84,0,2,"Cantonese, Mandarin, English",Hong Kong,2,0,1,0,0,0,1,0,0,0,0,0,0,0,0,0,0,0,0,0,0,0,0,0,1,0,0
81220416,Handsome Siblings,1992,11,102,0,2,Cantonese,Hong Kong,7,0,1,0,0,0,0,0,0,0,0,0,0,0,0,0,0,0,0,0,0,0,0,0,0,0,0
70045809,Fight Back to School II,1992,4,106,0,2,"Cantonese, English",Hong Kong,8,1,0,0,0,0,1,0,0,0,0,0,0,0,0,0,0,0,0,0,0,0,0,0,0,0,0
81220412,Fly Me to Polaris,1999,8,96,3,7,"Cantonese, Mandarin",Hong Kong,4,0,0,0,0,0,0,0,0,1,0,1,0,0,0,0,0,0,0,0,1,0,0,0,0,0,0
548474,God of Gamblers,1989,12,126,0,1,"Cantonese, English, Japanese",Hong Kong,4,1,1,0,0,0,1,0,0,1,0,0,0,0,0,0,0,0,0,0,0,0,0,0,0,0,0
70045805,Fight Back to School,1991,7,100,0,4,"Cantonese, English",Hong Kong,8,1,1,0,0,0,1,1,0,0,0,0,0,0,0,0,0,0,0,0,0,0,0,0,0,0,0
81043135,Hot Gimmick: Girl Meets Boy,2019,6,119,0,1,Japanese,Japan,0,0,0,0,0,0,0,0,0,1,0,0,0,0,0,0,0,0,0,0,0,0,0,0,0,0,0
81044813,The Secret Life of Pets 2,2019,6,86,0,8,English,"USA, France, Japan",4,0,0,1,1,0,1,0,0,0,1,0,0,0,0,0,0,0,0,0,0,0,0,0,0,0,0
81037598,Penguin Highway,2019,4,117,0,4,"Japanese, English",Japan,4,0,0,1,1,0,0,0,0,0,1,1,0,0,0,0,0,1,0,0,0,0,0,0,0,0,0
81037697,MFKZ,2018,10,94,0,3,"French, Spanish, English","France, Japan",4,0,1,0,1,0,1,0,0,0,0,0,0,0,0,0,0,0,0,0,0,1,0,0,1,0,0
80208235,Sweetheart,2020,4,82,1,2,English,USA,0,0,0,0,0,0,0,0,0,0,0,0,0,0,1,0,0,0,0,0,0,1,0,0,1,0,0
81217082,I Miss U,2012,5,118,0,5,Thai,Thailand,0,0,0,0,0,0,0,0,0,0,0,0,0,0,1,0,0,0,0,0,1,0,0,0,0,0,0
81032556,Thunder Road,2018,10,92,14,13,English,USA,0,1,0,0,0,0,1,0,0,1,0,0,0,0,0,0,0,0,0,0,0,0,0,0,0,0,0
80244276,Fighting with My Family,2019,2,108,10,2,English,"UK, USA, Mexico",4,0,0,0,0,1,1,0,0,1,0,0,0,0,0,0,0,0,0,0,0,0,0,1,0,0,0
80224467,First Reformed,2018,5,113,63,102,English,"USA, UK, Australia",2,0,0,0,0,0,0,0,0,1,0,0,0,0,0,0,0,1,0,0,0,0,0,0,1,0,0
81229380,Behind the Blue Door,2016,11,99,2,1,"Polish, German",Poland,0,0,0,1,0,0,0,0,0,0,1,1,0,0,0,0,0,0,0,0,0,0,0,0,0,0,0
81233375,In Bed with Santa,1999,11,95,1,3,"Swedish, English",Sweden,0,0,0,0,0,0,1,0,0,0,0,0,0,0,0,0,0,0,0,0,0,0,0,0,0,0,0
81172830,Lost in London,2017,1,100,0,1,English,"USA, UK",0,0,0,0,0,0,1,0,0,1,0,0,0,0,0,0,0,0,0,0,0,0,0,0,0,0,0
81030626,Pet Sematary,2019,4,101,1,8,English,"USA, Canada",0,0,0,0,0,0,0,0,0,0,0,0,0,0,1,0,0,1,0,0,0,0,0,0,1,0,0
80239917,Angel of Mine,2019,8,98,0,2,English,"Australia, USA",0,0,0,0,0,0,0,0,0,1,0,0,0,0,0,0,0,1,0,0,0,0,0,0,1,0,0
80174451,The Two Popes,2019,12,125,12,50,"English, Spanish, Italian, Latin, Portuguese, French, German","UK, Italy",0,0,0,0,0,0,1,0,0,1,0,0,0,0,0,0,0,0,0,0,0,0,0,0,0,0,0
81229388,Daas,2011,10,102,0,3,Polish,Poland,0,0,0,0,0,0,0,0,0,1,0,0,0,1,0,0,0,0,0,0,0,0,0,0,0,0,0
80209955,You Disappear,2017,4,117,0,1,"Danish, Swedish","Denmark, Sweden",0,0,0,0,0,0,0,0,0,1,0,0,0,0,0,0,0,0,0,0,0,0,0,0,0,0,0
81229390,Lejdis,2008,2,134,0,1,Polish,Poland,2,0,0,0,0,0,1,0,0,0,0,0,0,0,0,0,0,0,0,0,0,0,0,0,0,0,0
81156854,The Lady Shogun and Her Men,2010,10,116,0,1,Japanese,Japan,0,0,0,0,0,0,0,0,0,1,0,0,0,0,0,0,0,0,0,0,0,1,0,0,0,0,0
81192052,Of Parents and Children,2008,3,110,0,1,Czech,Czech Republic,2,1,0,0,0,0,1,0,0,1,0,0,0,0,0,0,0,0,0,0,0,0,0,0,0,0,0
81192010,The Elementary School,1993,10,100,3,1,Czech,Czechoslovakia,0,0,0,0,0,0,1,0,0,1,1,0,0,1,0,0,0,0,0,0,0,0,0,0,0,0,0
81192053,To See the Sea,2014,4,90,2,4,Czech,Czech Republic,0,0,0,0,0,0,1,0,0,1,1,0,0,0,0,0,0,0,0,0,0,0,0,0,0,0,0
81192067,Sekal Has to Die,1998,10,109,18,11,Czech,"Czech Republic, Slovakia, France, Poland",1,0,0,0,0,0,0,0,0,1,0,0,0,0,0,0,0,0,0,0,0,0,0,0,0,0,0
81192051,Accumulator 1,1994,3,102,9,9,"English, Czech, Slovak",Czech Republic,3,1,0,0,0,0,1,0,0,0,0,1,0,0,0,0,0,0,0,0,1,1,0,0,0,0,0
81191987,Tobruk,2008,9,102,4,5,"Czech, Slovak, Portuguese","Czech Republic, Slovakia",0,0,0,0,0,0,0,0,0,0,0,0,0,1,0,0,0,0,0,0,0,0,0,0,0,1,0
81151845,Autobahnraser,2004,2,87,0,2,"German, Russian, English","Germany, Luxembourg",0,0,1,0,0,0,1,0,0,0,0,0,0,0,0,0,0,0,0,0,0,0,0,0,0,0,0
81217079,Hashima Project,2013,10,118,0,2,Thai,Thailand,0,0,0,0,0,0,0,0,0,0,0,0,0,0,1,0,0,0,0,0,0,0,0,0,0,0,0
81217074,Fabulous 30,2011,11,118,1,6,Thai,Thailand,0,0,0,0,0,0,1,0,0,1,0,0,0,0,0,0,0,0,0,0,1,0,0,0,0,0,0
81216235,Caf&eacute; Derby,2015,9,98,7,3,Dutch,Belgium,0,0,0,0,0,0,0,0,0,1,0,0,0,0,0,0,0,0,0,0,0,0,0,0,0,0,0
81216234,Brasserie Romantiek,2012,12,102,1,3,Dutch,Belgium,0,0,0,0,0,0,1,0,0,1,0,0,0,0,0,0,0,0,0,0,0,0,0,0,0,0,0
70035914,Christmas in August,1998,1,97,10,3,Korean,South Korea,0,0,0,0,0,0,0,0,0,1,0,0,0,0,0,0,0,0,0,0,1,0,0,0,0,0,0
70181734,Game,2011,4,135,2,0,"Hindi, English",India,6,1,1,0,0,0,0,1,0,1,0,0,0,0,0,0,0,1,0,0,0,0,0,0,1,0,0
70254352,Honeymoon Travels Pvt. Ltd.,2007,2,118,1,1,"Hindi, English, Bengali, Urdu, Bhojpuri",India,2,0,0,0,0,0,1,0,0,1,0,0,0,0,0,0,0,0,0,0,1,0,0,0,0,0,0
70001237,Lakshya,2004,6,186,4,10,"Hindi, English",India,3,0,1,0,0,0,0,0,0,1,0,0,0,0,0,0,0,0,0,0,1,0,0,0,0,1,0
60021525,Dil Chahta Hai,2001,8,183,27,37,"Hindi, English, Urdu",India,5,1,0,0,0,0,1,0,0,1,0,0,0,0,0,0,0,0,0,0,1,0,0,0,0,0,0
80057585,Dil Dhadakne Do,2015,6,170,5,14,Hindi,India,6,1,0,0,0,0,1,0,0,1,0,0,0,0,0,0,0,0,0,0,1,0,0,0,0,0,0
70059026,Don,2006,10,171,1,10,Hindi,India,17,1,1,0,0,0,0,1,0,0,0,0,0,0,0,0,0,0,0,0,0,0,0,0,1,0,0
80074933,Bangistan,2015,8,135,0,1,Hindi,India,1,0,0,0,0,0,1,0,0,1,0,0,0,0,0,0,0,0,0,0,0,0,0,0,0,0,0
70278990,Fukrey,2013,6,139,4,9,Hindi,India,0,0,0,0,0,0,1,0,0,1,0,0,0,0,0,0,0,0,0,0,1,0,0,0,0,0,0
70134537,Karthik Calling Karthik,2010,2,135,0,8,"Hindi, Urdu",India,2,0,0,0,0,0,0,0,0,1,0,0,0,0,0,0,0,1,0,0,0,0,0,0,1,0,0
81001887,6 Underground,2019,12,128,0,9,"English, Turkmen, Cantonese, Italian, Spanish, Ukrainian, French",USA,2,0,1,0,0,0,0,0,0,0,0,0,0,0,0,0,0,0,0,0,0,0,0,0,1,0,0
60020246,Divided We Fall,2000,3,117,16,3,"German, Czech",Czech Republic,3,1,0,0,0,0,1,0,0,1,0,0,0,0,0,0,0,0,0,0,0,0,0,0,0,1,0
80994900,"Mary, Queen of Scots",2018,12,124,8,27,"English, French, Scottish Gaelic, Latin","UK, USA",6,0,0,0,0,1,0,0,0,1,0,0,0,1,0,0,0,0,0,0,0,0,0,0,0,0,0
81035064,Happy Death Day 2U,2019,2,100,0,4,"English, French","USA, Japan",0,0,0,0,0,0,1,0,0,0,0,0,0,0,1,0,0,1,0,0,0,1,0,0,1,0,0
81071055,Midsommar,2019,7,148,23,53,"English, Swedish","USA, Sweden",1,0,0,0,0,0,0,0,0,1,0,0,0,0,1,0,0,1,0,0,0,0,0,0,1,0,0
81216484,Small Town Killers,2017,1,90,1,3,"Danish, English",Denmark,0,0,0,0,0,0,1,1,0,1,0,0,0,0,0,0,0,0,0,0,0,0,0,0,0,0,0
81004676,Incident in a Ghostland,2018,6,91,6,5,"English, French","France, Canada",0,0,0,0,0,0,0,0,0,1,0,0,0,0,1,0,0,1,0,0,0,0,0,0,1,0,0
81037373,The Sky Is Pink,2019,10,143,0,8,"English, Hindi","India, UK, Canada, USA",4,0,0,0,0,0,0,0,0,1,1,0,0,0,0,0,0,0,0,0,1,0,0,0,0,0,0
80222641,Light of My Life,2019,8,119,0,4,English,USA,1,0,0,0,0,0,0,0,0,1,0,0,0,0,0,0,0,0,0,0,0,1,0,0,1,0,0
81216483,Far til fire p&aring; toppen,2017,2,87,0,3,"Danish, Norwegian","Denmark, Norway",0,0,1,0,0,0,1,0,0,0,1,0,0,0,0,0,0,0,0,0,0,0,0,0,0,0,0
81053111,Hail Satan?,2019,4,95,3,19,English,USA,0,0,0,0,0,0,0,0,1,0,0,0,0,0,0,0,0,0,0,0,0,0,0,0,0,0,0
80998984,On the Basis of Sex,2019,1,120,1,8,English,"USA, China, Canada",0,0,0,0,0,1,0,0,0,1,0,0,0,0,0,0,0,0,0,0,0,0,0,0,0,0,0
80223779,Marriage Story,2019,12,137,123,246,"English, Spanish","UK, USA",1,0,0,0,0,0,1,0,0,1,0,0,0,0,0,0,0,0,0,0,1,0,0,0,0,0,0
81057361,Men in Black: International,2019,6,114,0,9,"English, French, Chinese","China, USA",6,0,1,1,0,0,1,0,0,0,0,0,0,0,0,0,0,0,0,0,0,1,0,0,0,0,0
80223492,King of Thieves,2019,1,108,0,2,English,UK,2,0,0,0,0,0,0,1,0,1,0,0,0,0,0,0,0,0,0,0,0,0,0,0,0,0,0
81193012,The Closed Circuit,2013,7,120,0,1,"Polish, English",Poland,0,0,1,0,0,0,0,1,0,1,0,0,0,0,0,0,0,0,0,0,0,0,0,0,0,0,0
81167490,Wish Man,2019,1,107,1,0,English,USA,4,0,0,0,0,1,0,0,0,0,0,0,0,0,0,0,0,0,0,0,0,0,0,0,0,0,0
80191122,The Shape of Water,2017,12,123,138,348,"English, American Sign Language, Russian, French","USA, Canada",1,0,0,1,0,0,0,0,0,1,0,1,0,0,0,0,0,0,0,0,1,0,0,0,1,0,0
80193478,The Greatest Showman,2017,12,105,14,32,English,USA,6,0,0,0,0,1,0,0,0,1,0,0,0,0,0,0,1,0,0,0,0,0,0,0,0,0,0
80986886,The House with a Clock in Its Walls,2018,9,105,1,1,English,"USA, Canada, India",0,0,0,0,0,0,1,0,0,0,1,1,0,0,0,0,0,0,0,0,0,1,0,0,0,0,0
81056709,The Hole in the Ground,2019,2,90,2,9,English,"Ireland, UK, Belgium, Finland",0,0,0,0,0,0,0,0,0,1,0,0,0,0,1,0,0,1,0,0,0,0,0,0,0,0,0
81002445,A Private War,2018,11,110,3,7,English,"UK, USA",4,0,0,0,0,1,0,0,0,1,0,0,0,0,0,0,0,0,0,0,0,0,0,0,0,1,0
70127593,Chameleon,2008,12,108,0,1,"Hungarian, Spanish, English",Hungary,1,0,0,0,0,0,1,0,0,1,0,0,0,0,0,0,0,0,0,0,0,0,0,0,1,0,0
70090032,Just Sex and Nothing Else,2005,12,97,2,1,Hungarian,Hungary,0,0,0,0,0,0,1,0,0,0,0,0,0,0,0,0,0,0,0,0,0,0,0,0,0,0,0
81076954,We Die Young,2019,3,92,0,7,English,"Bulgaria, USA",0,0,1,0,0,0,0,1,0,1,0,0,0,0,0,0,0,0,0,0,0,0,0,0,1,0,0
80196613,12 Strong,2018,1,130,0,3,"English, Dari, Russian, Spanish, Uzbek",USA,8,0,1,0,0,0,0,0,0,1,0,0,0,1,0,0,0,0,0,0,0,0,0,0,0,1,0
711282,The Long Kiss Goodnight,1996,10,121,0,3,English,USA,2,0,1,0,0,0,0,1,0,1,0,0,0,0,0,0,0,1,0,0,0,0,0,0,1,0,0
81217747,Qismat,2018,9,137,2,1,Punjabi,India,0,0,0,0,0,0,0,0,0,1,0,0,0,0,0,0,0,0,0,0,1,0,0,0,0,0,0
81191868,Roming,2007,5,120,0,1,Czech,"Czech Republic, Romania, Slovakia",2,0,0,0,0,0,1,0,0,0,0,0,0,0,0,0,0,0,0,0,0,0,0,0,0,0,0
81168942,Taxi 5,2018,4,102,1,1,"French, Italian",France,0,0,1,1,0,0,1,1,0,0,1,0,0,0,0,0,0,0,0,0,0,0,0,0,0,0,0
80211651,Loro,2019,9,104,7,22,Italian,"Italy, France",2,0,0,0,0,1,0,0,0,1,0,0,0,0,0,0,0,0,0,0,0,0,0,0,0,0,0
81120982,I Lost My Body,2019,11,81,27,47,French,France,0,0,0,0,1,0,0,0,0,1,0,1,0,0,0,0,0,0,0,0,1,0,0,0,0,0,0
81082007,Atlantics,2019,11,106,14,53,"Wolof, French, English, Arabic","France, Senegal, Belgium",0,0,0,0,0,0,0,0,0,1,0,0,0,0,0,0,0,0,0,0,0,0,0,0,0,0,0
81193019,U Pana Boga w ogr&oacute;dku,2007,8,115,1,1,Polish,Poland,0,0,0,0,0,0,1,0,0,0,0,0,0,0,0,0,0,0,0,0,0,0,0,0,0,0,0
81193015,God&#39;s Little Village,2004,2,130,79,44,Portuguese,"Brazil, France, Germany",0,0,0,0,0,0,0,1,0,1,0,0,0,0,0,0,0,0,0,0,0,0,0,0,0,0,0
81020485,Dragged Across Concrete,2019,3,159,0,5,"English, Spanish","Canada, USA",1,0,1,0,0,0,0,1,0,1,0,0,0,0,0,0,0,0,0,0,0,0,0,0,1,0,0
81172901,The Island,2018,8,134,7,8,Mandarin,China,0,0,0,0,0,0,1,0,0,1,0,0,0,0,0,0,0,0,0,0,0,0,0,0,0,0,0
81191957,The Ride,1994,9,90,4,5,Czech,Czech Republic,0,1,0,0,0,0,1,0,0,1,0,0,0,0,0,0,0,0,0,0,1,0,0,0,0,0,0
81016139,The LEGO Movie 2: The Second Part,2019,2,107,1,12,English,"Denmark, Norway, Australia, USA",2,0,1,1,1,0,1,0,0,0,1,1,0,0,0,0,1,0,0,0,0,0,0,0,0,0,0
81037599,"Ruben Brandt, Collector",2019,2,96,2,6,"English, Hungarian, Italian",Hungary,0,0,1,0,1,0,0,1,0,1,0,0,0,0,0,0,0,0,0,0,0,0,0,0,1,0,0
81191964,Wilson City,2015,10,115,0,1,"Czech, Slovak","Czech Republic, Slovakia",0,0,0,1,0,0,1,1,0,0,0,0,0,0,0,0,0,0,0,0,0,0,0,0,0,0,0
81177504,The Body Remembers When the World Broke Open,2019,11,105,4,6,English,"Canada, Norway",0,0,0,0,0,0,0,0,0,1,0,0,0,0,0,0,0,0,0,0,0,0,0,0,0,0,0
80175798,The Irishman,2019,11,209,77,308,"English, Italian, Latin, Spanish, German",USA,4,0,0,0,0,1,0,1,0,1,0,0,0,0,0,0,0,0,0,0,0,0,0,0,0,0,0
80999013,Welcome to Marwen,2018,12,116,2,8,"English, German, French, Russian","Japan, USA",0,0,0,0,0,1,1,0,0,1,0,1,0,0,0,0,0,0,0,0,1,0,0,0,0,0,0
81021806,How to Train Your Dragon: The Hidden World,2019,2,104,6,57,English,"USA, Japan",0,0,1,1,1,0,0,0,0,0,1,1,0,0,0,0,0,0,0,0,0,0,0,0,0,0,0
81193005,Ob&#x142;awa,2012,10,96,4,8,Polish,Poland,0,0,0,0,0,0,0,0,0,1,0,0,0,0,0,0,0,0,0,0,0,0,0,0,1,1,0
80151665,Marie Curie: The Courage of Knowledge,2017,6,100,2,9,"French, German, English, Polish","Poland, Germany, France",0,0,0,0,0,1,0,0,0,1,0,0,0,0,0,0,0,0,0,0,1,0,0,0,0,0,0
81042819,Brightburn,2019,5,90,0,1,English,USA,0,0,0,0,0,0,0,0,0,1,0,0,0,0,1,0,0,1,0,0,0,1,0,0,0,0,0
60004083,The Longest Yard,1974,8,121,3,3,English,USA,0,0,0,0,0,0,1,1,0,1,0,0,0,0,0,0,0,0,0,0,0,0,0,1,0,0,0
80219088,Destroyer,2018,12,121,4,18,English,USA,4,0,1,0,0,0,0,1,0,1,0,0,0,0,0,0,0,1,0,0,0,0,0,0,1,0,0
80221584,"Bikram: Yogi, Guru, Predator",2019,11,86,0,1,English,USA,0,0,0,0,0,0,0,1,1,0,0,0,0,0,0,0,0,0,0,0,0,0,0,0,0,0,0
81192972,Volta,2017,7,105,0,2,Polish,Poland,0,0,0,0,0,0,1,0,0,0,0,0,0,0,0,0,0,0,0,0,0,0,0,0,0,0,0
70308739,With Fire and Sword,1999,2,175,5,9,"Polish, Tatar, Ukrainian, Turkish",Poland,0,0,0,1,0,0,0,0,0,1,0,0,0,1,0,0,0,0,0,0,1,0,0,0,0,1,0
81192974,Birds Are Singing in Kigali,2017,9,113,6,8,"Polish, English, Kinyarwanda",Poland,0,0,0,0,0,0,0,0,0,1,0,0,0,0,0,0,0,0,0,0,0,0,0,0,0,0,0
81192990,Shameless,2012,7,81,1,2,Polish,Poland,0,0,0,0,0,0,0,0,0,1,0,0,0,0,0,0,0,0,0,0,0,0,0,0,0,0,0
81132624,Iron Sky: The Coming Race,2019,7,90,0,2,"English, German","Finland, Germany, Belgium",1,0,1,1,0,0,1,0,0,0,0,0,0,0,0,0,0,0,0,0,0,1,0,0,0,0,0
81191830,Grapes,2008,3,90,2,1,Czech,Czech Republic,0,0,0,0,0,0,1,0,0,0,0,0,0,0,0,0,0,0,0,0,0,0,0,0,0,0,0
81168609,The Fanatic,2019,8,88,1,3,English,USA,0,0,0,0,0,0,0,1,0,0,0,0,0,0,0,0,0,0,0,0,0,0,0,0,1,0,0
81084856,Diego Maradona,2019,9,130,0,13,"Spanish, Italian, English, French, Portuguese, Catalan",UK,0,0,0,0,0,1,0,0,1,0,0,0,0,0,0,0,0,0,0,0,0,0,0,1,0,0,0
80183187,Klaus,2019,11,96,9,18,"English, Saami","Spain, UK",0,0,0,1,1,0,1,0,0,0,1,0,0,0,0,0,0,0,0,0,0,0,0,0,0,0,0
70264609,In the Shadow,2012,9,106,13,6,"Polish, German, Czech","Czech Republic, Slovakia, Poland",2,0,0,0,0,0,0,1,0,1,0,0,0,0,0,0,0,0,0,0,0,0,0,0,1,0,0
81191414,Fotograf,2015,1,133,0,3,Czech,Czech Republic,2,0,0,0,0,1,1,0,0,1,0,0,0,0,0,0,0,0,0,0,0,0,0,0,0,0,0
81191396,Loners,2000,4,103,10,12,Czech,"Czech Republic, Slovakia",2,0,0,0,0,0,1,0,0,0,0,0,0,0,0,0,0,0,0,0,0,0,0,0,0,0,0
81210760,A Bride for Rip Van Winkle,2016,3,179,0,4,Japanese,Japan,0,0,0,0,0,0,0,0,0,1,0,0,0,0,0,0,0,1,0,0,1,0,0,0,0,0,0
81196441,El sendero de la anaconda,2019,6,73,0,1,"English, Spanish",Colombia,0,0,0,0,0,0,0,0,1,0,0,0,0,0,0,0,0,0,0,0,0,0,0,0,0,0,0
81206001,In The Name of Sherlock Holmes,2012,1,99,1,0,Hungarian,Hungary,0,0,0,1,0,0,0,0,0,0,1,1,0,0,0,0,0,1,0,0,0,0,0,0,0,0,0
81100765,Dragon Ball Super: Broly,2019,1,100,0,1,Japanese,Japan,2,0,1,1,1,0,0,0,0,0,1,1,0,0,0,0,0,0,0,0,0,1,0,0,0,0,0
80209592,Papi Chulo,2019,6,98,1,3,English,"Ireland, UK",0,0,0,0,0,0,1,0,0,1,0,0,0,0,0,0,0,0,0,0,0,0,0,0,0,0,0
81044969,Sobibor,2019,3,110,1,0,"Dutch, Russian, German, Polish","Russia, Germany, Lithuania, Poland",0,0,0,0,0,0,0,0,0,1,0,0,0,1,0,0,0,0,0,0,0,0,0,0,0,1,0
81191398,V&aacute;clav,2007,12,100,5,3,Czech,Czech Republic,2,0,0,0,0,0,1,0,0,1,0,0,0,0,0,0,0,0,0,0,0,0,0,0,0,0,0
70100376,Beauty in Trouble,2008,6,110,6,6,Czech,Czech Republic,1,0,0,0,0,0,1,0,0,1,0,0,0,0,0,0,0,0,0,0,0,0,0,0,0,0,0
80200957,Fifty Shades Freed,2018,2,105,5,10,English,USA,0,0,0,0,0,0,0,0,0,1,0,0,0,0,0,0,0,0,0,0,1,0,0,0,1,0,0
81191873,Gangster Ka,2015,9,97,0,2,Czech,Czech Republic,0,0,0,0,0,0,0,1,0,1,0,0,0,0,0,0,0,0,0,0,0,0,0,0,1,0,0
80240538,Boy Erased,2018,11,115,13,46,English,"Australia, USA",6,0,0,0,0,1,0,0,0,1,0,0,0,0,0,0,0,0,0,0,0,0,0,0,0,0,0
80201542,Let It Snow,2019,11,92,0,1,English,USA,2,0,0,0,0,0,1,0,0,0,0,0,0,0,0,0,0,0,0,0,1,0,0,0,0,0,0
70019514,Up and Down,2004,9,108,6,10,"Czech, English, German, Russian",Czech Republic,1,1,0,0,0,0,1,0,0,1,0,0,0,0,0,0,0,0,0,0,0,0,0,0,0,0,0
81002506,Birds of Passage,2019,2,125,29,37,"Wayuu, Spanish, English","Colombia, Denmark, Mexico, Germany, Switzerland, France",0,0,0,0,0,0,0,1,0,1,0,0,0,0,0,0,0,0,0,0,0,0,0,0,0,0,0
81038216,The Best of Enemies,2019,4,133,0,1,English,USA,2,0,0,0,0,1,0,0,0,1,0,0,0,1,0,0,0,0,0,0,0,0,0,0,0,0,0
81034600,Shadow,2018,9,116,31,55,Mandarin,"China, Hong Kong",0,0,1,0,0,0,0,0,0,1,0,0,0,0,0,0,0,0,0,0,0,0,0,0,0,1,0
81092045,Burning Cane,2019,11,77,4,15,English,USA,0,0,0,0,0,0,0,0,0,1,0,0,0,0,0,0,0,0,0,0,0,0,0,0,0,0,0
81058497,Seth Meyers: Lobby Baby,2019,11,61,0,1,English,USA,0,0,0,0,0,0,1,0,0,0,0,0,0,0,0,0,0,0,0,0,0,0,0,0,0,0,0
80172007,Thoroughbreds,2018,3,92,1,21,English,USA,0,0,0,0,0,0,0,1,0,1,0,0,0,0,0,0,0,0,0,0,0,0,0,0,1,0,0
81191288,Rafters,2006,3,104,2,1,Czech,Czech Republic,0,0,0,0,0,0,1,0,0,0,0,0,0,0,0,0,0,0,0,0,0,0,0,0,0,0,0
80160987,LEGENDS OF THE HIDDEN TEMPLE,2016,11,65,1,7,English,USA,2,0,0,1,0,0,0,0,0,0,1,0,0,0,0,0,0,0,0,0,0,0,0,0,0,0,0
80188988,Murder on The Orient Express,2017,11,114,1,23,"English, French, German, Arabic","Malta, USA",2,0,0,0,0,0,0,1,0,1,0,0,0,0,0,0,0,1,0,0,0,0,0,0,0,0,0
81215856,100 Things to do Before High School,2014,11,30,4,1,English,USA,2,0,0,0,0,0,1,0,0,0,1,0,0,0,0,0,0,0,0,0,0,0,0,0,0,0,0
81214187,Jinxed,2013,11,75,0,1,English,"USA, Canada",0,0,0,0,0,0,1,0,0,0,1,0,0,0,0,0,0,0,0,0,0,0,0,0,0,0,0
81215437,Escape from Mr. Lemoncello&rsquo;s Library,2017,10,69,3,3,English,USA,0,0,0,0,0,0,0,0,0,0,1,0,0,0,0,0,0,0,0,0,0,0,0,0,0,0,0
81028091,The Public,2019,7,119,5,1,"English, Sign Languages",USA,0,0,0,0,0,0,0,0,0,1,0,0,0,0,0,0,0,0,0,0,0,0,0,0,0,0,0
81136762,Phil,2019,7,106,1,3,English,Canada,1,0,0,0,0,0,1,0,0,1,0,0,0,0,0,0,0,0,0,0,0,0,0,0,0,0,0
80187206,"Three Billboards Outside Ebbing, Missouri",2017,12,115,132,225,English,"UK, USA",1,0,0,0,0,0,1,1,0,1,0,0,0,0,0,0,0,0,0,0,0,0,0,0,0,0,0
80191879,Ferdinand,2017,12,108,3,19,"English, Spanish, German","USA, Spain",6,0,0,1,1,0,1,0,0,0,1,1,0,0,0,0,0,0,0,0,0,0,0,0,0,0,0
81050375,Fire in Paradise,2019,11,39,1,0,English,USA,0,0,0,0,0,0,0,0,1,0,0,0,0,0,0,0,0,0,0,0,0,0,1,0,0,0,0
81024100,American Son,2019,11,90,0,1,English,USA,0,0,0,0,0,0,0,0,0,1,0,0,0,0,0,0,0,0,0,0,0,0,0,0,0,0,0
80182016,The King,2019,11,140,5,19,"English, French","UK, Hungary, Australia",4,0,0,0,0,1,0,0,0,1,0,0,0,1,0,0,0,0,0,0,1,0,0,0,0,1,0
81170693,Devil&#39;s Freedom,2018,3,74,6,9,Spanish,Mexico,0,0,0,0,0,0,0,0,1,0,0,0,0,0,0,0,0,0,0,0,0,0,0,0,0,0,0
81179693,Euphoria,2018,10,115,1,21,Italian,Italy,2,0,0,0,0,0,0,0,0,1,0,0,0,0,0,0,0,0,0,0,0,0,0,0,0,0,0
80191528,You Were Never Really Here,2018,4,89,26,68,English,"UK, France, USA",0,0,0,0,0,0,0,1,0,1,0,0,0,0,0,0,0,1,0,0,0,0,0,0,1,0,0
81031219,The Little Witch,2018,2,103,2,2,German,"Germany, Switzerland",0,0,0,0,0,0,1,0,0,1,1,1,0,0,0,0,0,0,0,0,0,0,0,0,0,0,0
81192864,My Sweet Little Village,1987,1,98,4,0,"Czech, Slovak",Czechoslovakia,0,0,0,0,0,0,1,0,0,0,0,0,0,0,0,0,0,0,0,0,0,0,0,0,0,0,0
60011128,The Firemen&#39;s Ball,1968,9,73,0,2,Czech,"Czechoslovakia, Italy",0,0,0,0,0,0,1,0,0,1,0,0,0,0,0,0,0,0,0,0,0,0,0,0,0,0,0
60011355,The Shop on Main Street,1966,1,128,6,4,"Slovak, Yiddish, German, Latin",Czechoslovakia,0,0,0,0,0,0,0,0,0,1,0,0,0,0,0,0,0,0,0,0,0,0,0,0,0,1,0
60010240,Closely Watched Trains,1966,11,92,2,6,"Czech, German",Czechoslovakia,2,0,0,0,0,0,1,0,0,1,0,0,0,0,0,0,0,0,0,0,1,0,0,0,0,1,0
81110394,Little Miss Sumo,2019,10,19,0,3,"Japanese, English",UK,0,0,0,0,0,1,0,0,1,0,0,0,0,0,0,0,0,0,0,0,0,0,1,1,0,0,0
80987556,La Cena Di Natale,2016,11,95,0,1,Italian,Italy,2,0,0,0,0,0,1,0,0,0,0,0,0,0,0,0,0,0,0,0,0,0,0,0,0,0,0
80182014,Dolemite Is My Name,2019,10,118,31,53,English,USA,4,0,0,0,0,1,1,0,0,1,0,0,0,0,0,0,0,0,0,0,0,0,0,0,0,0,0
81132444,Consequences&nbsp;,2014,3,106,1,0,Turkish,Turkey,0,0,0,0,0,0,0,1,0,1,0,0,0,0,0,0,0,0,0,0,0,0,0,0,1,0,0
81010972,Hellboy,2019,4,120,1,8,"English, Spanish, Russian, German","USA, UK, Bulgaria, Canada, Portugal, France",0,0,1,1,0,0,0,0,0,0,0,1,0,0,1,0,0,0,0,0,0,1,0,0,0,0,0
81035551,The Mule,2018,12,116,1,5,"English, Spanish",USA,2,0,0,0,0,0,0,1,0,1,0,0,0,0,0,0,0,0,0,0,0,0,0,0,1,0,0
81027753,Jenny Slate: Stage Fright,2019,10,66,0,1,English,USA,2,0,0,0,0,0,1,0,0,0,0,0,0,0,0,0,0,0,0,1,0,0,0,0,0,0,0
81191347,The Oddsockeaters,2016,10,83,0,1,Czech,"Czech Republic, Slovakia, Croatia",0,0,0,1,1,0,0,0,0,0,1,1,0,0,0,0,0,0,0,0,0,0,0,0,0,0,0
81191279,Three Brothers,2014,8,90,4,8,Czech,"Czech Republic, Denmark",0,0,0,0,0,0,1,0,0,0,1,1,0,0,0,0,1,0,0,0,0,0,0,0,0,0,0
81190874,Pupendo,2003,3,120,4,6,Czech,Czech Republic,2,0,0,0,0,0,1,0,0,1,1,0,0,0,0,0,0,0,0,0,0,0,0,0,0,0,0
81191327,Cosy Dens,1999,4,115,8,8,"Czech, Russian",Czech Republic,3,0,0,0,0,0,1,0,0,1,0,0,0,0,0,0,0,0,0,0,0,0,0,0,0,0,0
81191184,Daddy,2004,6,94,2,6,Russian,Russia,0,0,0,0,0,0,0,0,0,1,0,0,0,0,0,0,0,0,0,0,0,0,0,0,0,0,0
80197994,One-Line,2017,3,131,0,1,Korean,South Korea,0,0,0,0,0,0,0,0,0,1,0,0,0,0,0,0,0,0,0,0,0,0,0,0,0,0,0
70046187,Breaking News,2004,6,90,5,11,"Cantonese, Mandarin, English",Hong Kong,1,0,1,0,0,0,0,1,0,1,0,0,0,0,0,0,0,0,0,0,0,0,0,0,0,0,0
80994011,The Laundromat,2019,9,95,0,5,"English, Mandarin, Spanish, Russian",USA,0,0,0,0,0,0,1,1,0,1,0,0,0,1,0,0,0,0,0,0,0,0,0,0,0,0,0
80214706,Tell Me Who I Am,2019,10,85,0,2,English,UK,0,0,0,0,0,0,0,0,1,1,0,0,0,0,0,0,0,1,0,0,0,0,0,0,0,0,0
81005213,The Invisible Boy: Second Generation,2018,1,100,2,2,"Italian, Russian, French, Arabic",Italy,0,0,1,1,0,0,1,0,0,0,0,1,0,0,0,0,0,0,0,0,0,1,0,0,0,0,0
81192951,Carte Blanche,2015,1,106,4,3,Polish,Poland,0,0,0,0,0,0,0,0,0,1,0,0,0,0,0,0,0,0,0,0,1,0,0,0,0,0,0
81172895,93 Days,2016,4,118,1,0,English,Nigeria,2,0,0,0,0,0,0,0,0,1,0,0,0,0,0,0,0,0,0,0,0,0,0,0,0,0,0
81059321,A Vigilante,2019,3,91,0,2,English,USA,0,0,0,0,0,0,0,1,0,1,0,0,0,0,0,0,0,1,0,0,0,0,0,0,1,0,0
81006781,Dogman,2019,4,103,40,29,Italian,"Italy, France",0,0,0,0,0,0,0,1,0,1,0,0,0,0,0,0,0,0,0,0,0,0,0,0,1,0,0
81081656,Ghosts of Sugar Land,2019,10,21,2,5,English,USA,0,0,0,0,0,0,0,0,1,0,0,0,0,0,0,0,0,0,0,0,0,0,1,0,0,0,0
81190919,A Prominent Patient,2017,3,114,20,8,"Czech, Slovak, English, French","Czech Republic, Slovakia, Germany",2,0,0,0,0,1,0,0,0,1,0,0,0,1,0,0,0,0,0,0,0,0,0,0,0,0,0
81168944,The Wanderers: The Quest of The Demon Hunter,2017,6,106,3,0,"English, Romanian, German, Korean",Romania,0,0,0,0,0,0,0,0,0,1,0,1,0,0,1,0,0,1,0,0,0,0,0,0,1,0,0
80159876,Girls und Panzer der Film,2016,11,119,0,1,Japanese,Japan,2,0,1,0,1,0,1,0,0,0,1,0,0,0,0,0,0,0,0,0,0,0,0,0,0,0,0
81003510,Arctic,2019,1,98,0,2,"English, Danish",Iceland,0,0,0,1,0,0,0,0,0,1,0,0,0,0,0,0,0,0,0,0,0,0,0,0,0,0,0
81038598,The Influence,2019,10,99,0,1,Spanish,Spain,0,0,0,0,0,0,0,0,0,0,0,0,0,0,1,0,0,0,0,0,0,0,0,0,0,0,0
